respondent_id,item_id,position_row,position_col,scroll_rows_visible,response
R001,I090,2,2,4,neutral
R001,I186,9,0,4,unseen
R001,I191,1,3,4,disliked
R001,I048,7,0,4,unseen
R001,I053,8,2,4,unseen
R001,I029,9,3,4,unseen
R001,I008,5,0,4,unseen
R001,I116,7,1,4,unseen
R001,I028,2,3,4,disliked
R001,I091,4,3,4,unseen
R001,I081,8,1,4,unseen
R001,I144,6,4,4,unseen
R001,I126,7,3,4,unseen
R001,I175,6,1,4,unseen
R001,I086,1,2,4,neutral
R001,I061,7,4,4,unseen
R001,I159,5,1,4,unseen
R001,I100,9,2,4,unseen
R001,I070,4,1,4,unseen
R001,I176,9,4,4,unseen
R001,I002,2,4,4,liked
R001,I169,7,2,4,unseen
R001,I077,6,2,4,unseen
R001,I026,3,4,4,liked
R001,I189,8,3,4,unseen
R001,I015,3,1,4,neutral
R001,I108,5,3,4,unseen
R001,I141,3,3,4,neutral
R001,I155,3,0,4,neutral
R001,I197,2,0,4,liked
R001,I164,6,3,4,unseen
R001,I027,1,4,4,disliked
R001,I193,5,4,4,unseen
R001,I156,4,2,4,unseen
R001,I035,1,0,4,disliked
R001,I153,0,3,4,neutral
R001,I082,2,1,4,liked
R001,I036,9,1,4,unseen
R001,I009,4,0,4,unseen
R001,I122,4,4,4,unseen
R001,I060,8,4,4,unseen
R001,I022,8,0,4,unseen
R001,I096,0,1,4,liked
R001,I072,0,0,4,neutral
R001,I177,1,1,4,liked
R001,I178,0,4,4,disliked
R001,I146,6,0,4,unseen
R001,I047,3,2,4,neutral
R001,I118,0,2,4,disliked
R001,I034,5,2,4,unseen
R001,I002,,,4,chosen
R002,I172,2,0,9,neutral
R002,I160,4,4,9,liked
R002,I013,3,2,9,neutral
R002,I179,2,3,9,neutral
R002,I008,9,2,9,unseen
R002,I017,3,1,9,neutral
R002,I132,4,1,9,disliked
R002,I103,7,0,9,neutral
R002,I193,3,4,9,neutral
R002,I010,4,2,9,neutral
R002,I040,1,2,9,liked
R002,I183,4,3,9,disliked
R002,I050,2,4,9,liked
R002,I053,1,1,9,neutral
R002,I125,6,3,9,disliked
R002,I169,7,3,9,liked
R002,I076,3,3,9,disliked
R002,I022,9,4,9,unseen
R002,I192,4,0,9,liked
R002,I150,7,1,9,liked
R002,I085,7,4,9,neutral
R002,I007,7,2,9,neutral
R002,I165,1,4,9,liked
R002,I131,8,4,9,neutral
R002,I088,6,2,9,liked
R002,I012,5,1,9,liked
R002,I019,9,0,9,unseen
R002,I060,0,1,9,liked
R002,I030,5,2,9,disliked
R002,I185,0,3,9,disliked
R002,I098,8,1,9,liked
R002,I075,6,0,9,disliked
R002,I054,5,0,9,disliked
R002,I126,0,4,9,liked
R002,I191,9,1,9,unseen
R002,I141,3,0,9,disliked
R002,I045,8,0,9,liked
R002,I109,1,0,9,disliked
R002,I105,2,2,9,neutral
R002,I092,1,3,9,liked
R002,I089,8,3,9,neutral
R002,I042,9,3,9,unseen
R002,I124,0,0,9,neutral
R002,I199,5,3,9,liked
R002,I161,2,1,9,disliked
R002,I140,5,4,9,disliked
R002,I071,6,1,9,disliked
R002,I154,6,4,9,disliked
R002,I028,8,2,9,liked
R002,I025,0,2,9,neutral
R002,I050,,,9,chosen
R003,I132,0,1,10,neutral
R003,I181,6,1,10,disliked
R003,I068,0,2,10,liked
R003,I138,4,0,10,neutral
R003,I095,7,1,10,liked
R003,I081,2,4,10,disliked
R003,I069,5,1,10,neutral
R003,I026,7,3,10,neutral
R003,I190,6,3,10,liked
R003,I020,2,2,10,neutral
R003,I169,9,4,10,neutral
R003,I166,1,1,10,neutral
R003,I150,7,2,10,liked
R003,I104,0,0,10,liked
R003,I088,8,3,10,neutral
R003,I059,4,4,10,neutral
R003,I179,9,2,10,liked
R003,I154,7,0,10,liked
R003,I159,9,1,10,disliked
R003,I152,5,0,10,neutral
R003,I010,0,4,10,disliked
R003,I063,3,3,10,disliked
R003,I055,3,4,10,neutral
R003,I094,6,4,10,disliked
R003,I041,9,3,10,disliked
R003,I023,8,0,10,liked
R003,I176,8,4,10,disliked
R003,I005,3,1,10,liked
R003,I131,4,1,10,neutral
R003,I127,7,4,10,liked
R003,I183,4,2,10,neutral
R003,I034,6,2,10,liked
R003,I066,8,1,10,liked
R003,I151,8,2,10,liked
R003,I156,0,3,10,neutral
R003,I025,1,0,10,neutral
R003,I118,5,2,10,neutral
R003,I071,2,3,10,neutral
R003,I142,3,0,10,liked
R003,I001,2,0,10,liked
R003,I013,3,2,10,disliked
R003,I029,9,0,10,neutral
R003,I109,6,0,10,liked
R003,I027,5,4,10,liked
R003,I158,4,3,10,neutral
R003,I012,1,3,10,disliked
R003,I180,1,2,10,liked
R003,I187,5,3,10,liked
R003,I146,1,4,10,liked
R003,I182,2,1,10,liked
R003,I095,,,10,chosen
R004,I106,8,2,8,unseen
R004,I128,2,2,8,disliked
R004,I118,5,2,8,disliked
R004,I030,4,4,8,neutral
R004,I187,6,2,8,neutral
R004,I083,4,3,8,liked
R004,I033,2,1,8,liked
R004,I090,7,3,8,disliked
R004,I107,6,4,8,disliked
R004,I042,9,1,8,unseen
R004,I021,1,0,8,neutral
R004,I046,1,4,8,neutral
R004,I019,3,1,8,neutral
R004,I136,2,0,8,disliked
R004,I006,6,1,8,disliked
R004,I087,2,3,8,liked
R004,I024,9,2,8,unseen
R004,I017,4,0,8,liked
R004,I105,8,1,8,unseen
R004,I148,1,1,8,disliked
R004,I039,5,3,8,disliked
R004,I141,7,2,8,liked
R004,I196,3,2,8,disliked
R004,I037,6,0,8,liked
R004,I165,2,4,8,neutral
R004,I197,7,0,8,liked
R004,I074,3,3,8,neutral
R004,I143,0,4,8,neutral
R004,I029,8,4,8,unseen
R004,I194,6,3,8,neutral
R004,I061,8,3,8,unseen
R004,I058,4,2,8,disliked
R004,I022,4,1,8,disliked
R004,I139,5,0,8,neutral
R004,I160,9,0,8,unseen
R004,I067,0,2,8,disliked
R004,I020,3,4,8,neutral
R004,I169,9,4,8,unseen
R004,I186,5,1,8,disliked
R004,I162,1,2,8,neutral
R004,I064,0,1,8,disliked
R004,I078,3,0,8,liked
R004,I062,1,3,8,liked
R004,I053,7,4,8,neutral
R004,I138,7,1,8,liked
R004,I010,9,3,8,unseen
R004,I013,5,4,8,liked
R004,I016,8,0,8,unseen
R004,I059,0,0,8,neutral
R004,I200,0,3,8,liked
R004,I083,,,8,chosen
R005,I080,3,0,10,neutral
R005,I089,8,0,10,neutral
R005,I052,2,3,10,liked
R005,I125,3,2,10,liked
R005,I004,1,3,10,disliked
R005,I106,0,1,10,disliked
R005,I155,6,4,10,neutral
R005,I101,9,0,10,liked
R005,I175,5,0,10,neutral
R005,I040,1,4,10,disliked
R005,I016,2,1,10,liked
R005,I084,6,0,10,disliked
R005,I088,5,2,10,liked
R005,I069,4,4,10,disliked
R005,I133,4,3,10,liked
R005,I079,1,1,10,disliked
R005,I193,9,4,10,disliked
R005,I173,9,3,10,neutral
R005,I150,8,3,10,liked
R005,I082,7,2,10,disliked
R005,I126,5,1,10,liked
R005,I045,6,1,10,liked
R005,I005,5,3,10,neutral
R005,I009,7,1,10,liked
R005,I081,2,2,10,neutral
R005,I160,9,1,10,liked
R005,I170,8,4,10,liked
R005,I137,7,4,10,liked
R005,I148,9,2,10,liked
R005,I039,2,4,10,neutral
R005,I153,6,3,10,liked
R005,I194,3,4,10,liked
R005,I107,5,4,10,liked
R005,I076,7,0,10,liked
R005,I154,8,2,10,disliked
R005,I164,4,2,10,neutral
R005,I195,4,0,10,liked
R005,I124,0,2,10,liked
R005,I163,1,0,10,neutral
R005,I111,4,1,10,neutral
R005,I127,0,3,10,disliked
R005,I085,6,2,10,liked
R005,I151,3,1,10,neutral
R005,I143,8,1,10,neutral
R005,I090,1,2,10,disliked
R005,I186,3,3,10,disliked
R005,I182,0,4,10,disliked
R005,I042,2,0,10,disliked
R005,I012,7,3,10,neutral
R005,I071,0,0,10,neutral
R005,I088,,,10,chosen
R006,I109,7,4,8,neutral
R006,I049,6,2,8,liked
R006,I121,8,1,8,unseen
R006,I195,5,2,8,neutral
R006,I088,4,2,8,liked
R006,I177,9,4,8,unseen
R006,I032,3,0,8,neutral
R006,I113,1,2,8,neutral
R006,I076,5,1,8,neutral
R006,I143,1,0,8,disliked
R006,I178,1,4,8,neutral
R006,I102,0,2,8,disliked
R006,I105,6,4,8,liked
R006,I003,3,1,8,neutral
R006,I063,4,1,8,neutral
R006,I070,4,0,8,liked
R006,I127,4,3,8,disliked
R006,I026,2,4,8,liked
R006,I080,9,0,8,unseen
R006,I147,2,3,8,liked
R006,I064,8,2,8,unseen
R006,I188,0,4,8,neutral
R006,I179,9,2,8,unseen
R006,I198,8,4,8,unseen
R006,I018,2,1,8,neutral
R006,I011,7,0,8,liked
R006,I152,0,0,8,disliked
R006,I162,4,4,8,disliked
R006,I054,3,3,8,liked
R006,I174,0,1,8,disliked
R006,I021,9,1,8,unseen
R006,I057,8,3,8,unseen
R006,I035,7,1,8,neutral
R006,I060,2,0,8,neutral
R006,I157,1,1,8,liked
R006,I017,5,4,8,disliked
R006,I159,0,3,8,liked
R006,I196,2,2,8,liked
R006,I033,5,0,8,disliked
R006,I037,7,2,8,neutral
R006,I042,6,3,8,neutral
R006,I024,7,3,8,liked
R006,I168,5,3,8,liked
R006,I155,6,1,8,neutral
R006,I150,1,3,8,neutral
R006,I036,6,0,8,liked
R006,I015,8,0,8,unseen
R006,I053,3,4,8,liked
R006,I199,3,2,8,neutral
R006,I005,9,3,8,unseen
R006,I036,,,8,chosen
R007,I143,1,0,4,disliked
R007,I053,9,3,4,unseen
R007,I155,7,1,4,unseen
R007,I157,7,4,4,unseen
R007,I058,7,2,4,unseen
R007,I020,5,3,4,unseen
R007,I040,2,4,4,liked
R007,I038,3,4,4,liked
R007,I007,3,2,4,liked
R007,I037,5,1,4,unseen
R007,I028,5,0,4,unseen
R007,I005,2,2,4,disliked
R007,I132,1,4,4,liked
R007,I124,5,2,4,unseen
R007,I174,4,2,4,unseen
R007,I163,1,2,4,neutral
R007,I056,2,1,4,liked
R007,I060,6,1,4,unseen
R007,I134,4,0,4,unseen
R007,I023,6,0,4,unseen
R007,I102,6,2,4,unseen
R007,I015,6,3,4,unseen
R007,I050,0,0,4,liked
R007,I033,7,0,4,unseen
R007,I149,7,3,4,unseen
R007,I054,2,0,4,disliked
R007,I096,3,0,4,neutral
R007,I068,0,4,4,neutral
R007,I095,9,4,4,unseen
R007,I074,9,0,4,unseen
R007,I179,4,1,4,unseen
R007,I048,8,1,4,unseen
R007,I131,0,1,4,disliked
R007,I073,0,2,4,liked
R007,I112,1,3,4,liked
R007,I025,9,2,4,unseen
R007,I171,6,4,4,unseen
R007,I071,8,3,4,unseen
R007,I130,3,3,4,disliked
R007,I057,1,1,4,liked
R007,I152,0,3,4,liked
R007,I013,8,2,4,unseen
R007,I087,8,0,4,unseen
R007,I031,9,1,4,unseen
R007,I082,2,3,4,liked
R007,I111,3,1,4,neutral
R007,I091,5,4,4,unseen
R007,I142,8,4,4,unseen
R007,I109,4,4,4,unseen
R007,I083,4,3,4,unseen
R007,I056,,,4,chosen
R008,I182,1,2,8,liked
R008,I087,6,2,8,disliked
R008,I093,7,0,8,neutral
R008,I162,2,1,8,disliked
R008,I132,3,1,8,liked
R008,I117,0,2,8,liked
R008,I189,5,1,8,disliked
R008,I146,1,3,8,disliked
R008,I082,2,4,8,neutral
R008,I008,2,2,8,liked
R008,I120,2,0,8,disliked
R008,I069,6,1,8,neutral
R008,I106,7,2,8,neutral
R008,I074,0,1,8,liked
R008,I063,3,3,8,liked
R008,I194,9,2,8,unseen
R008,I148,8,1,8,unseen
R008,I026,8,2,8,unseen
R008,I042,3,4,8,liked
R008,I098,0,4,8,liked
R008,I045,5,2,8,neutral
R008,I170,4,2,8,liked
R008,I181,9,0,8,unseen
R008,I109,1,0,8,disliked
R008,I192,7,3,8,neutral
R008,I029,6,3,8,disliked
R008,I028,4,1,8,liked
R008,I085,4,3,8,neutral
R008,I002,3,0,8,disliked
R008,I145,9,3,8,unseen
R008,I122,7,4,8,neutral
R008,I178,8,0,8,unseen
R008,I102,9,1,8,unseen
R008,I032,7,1,8,disliked
R008,I068,5,3,8,neutral
R008,I174,3,2,8,liked
R008,I141,5,4,8,liked
R008,I061,1,1,8,liked
R008,I064,9,4,8,unseen
R008,I135,2,3,8,liked
R008,I053,8,3,8,unseen
R008,I047,0,3,8,neutral
R008,I043,0,0,8,liked
R008,I100,5,0,8,liked
R008,I078,6,0,8,neutral
R008,I156,6,4,8,neutral
R008,I198,4,0,8,liked
R008,I034,1,4,8,disliked
R008,I159,8,4,8,unseen
R008,I009,4,4,8,liked
R008,I063,,,8,chosen
R009,I042,3,1,10,neutral
R009,I061,7,3,10,liked
R009,I122,4,3,10,disliked
R009,I133,2,3,10,disliked
R009,I200,6,1,10,liked
R009,I126,5,1,10,liked
R009,I181,0,3,10,neutral
R009,I051,4,2,10,neutral
R009,I034,5,0,10,neutral
R009,I091,7,0,10,liked
R009,I095,0,0,10,neutral
R009,I093,8,4,10,disliked
R009,I094,8,2,10,neutral
R009,I127,7,4,10,neutral
R009,I096,8,0,10,neutral
R009,I151,3,0,10,neutral
R009,I076,6,2,10,liked
R009,I176,6,0,10,disliked
R009,I025,7,2,10,disliked
R009,I184,3,3,10,liked
R009,I121,1,2,10,liked
R009,I146,1,3,10,liked
R009,I077,0,4,10,neutral
R009,I166,4,4,10,liked
R009,I014,3,2,10,liked
R009,I169,1,1,10,disliked
R009,I074,2,1,10,disliked
R009,I021,4,1,10,neutral
R009,I064,0,2,10,disliked
R009,I089,4,0,10,disliked
R009,I065,3,4,10,neutral
R009,I058,9,2,10,liked
R009,I090,8,3,10,liked
R009,I175,2,2,10,disliked
R009,I101,1,4,10,neutral
R009,I186,1,0,10,neutral
R009,I111,8,1,10,neutral
R009,I164,5,4,10,neutral
R009,I099,6,3,10,liked
R009,I162,9,0,10,disliked
R009,I182,2,4,10,neutral
R009,I019,0,1,10,neutral
R009,I020,2,0,10,liked
R009,I036,6,4,10,disliked
R009,I150,9,3,10,liked
R009,I040,9,4,10,disliked
R009,I035,5,2,10,disliked
R009,I087,7,1,10,liked
R009,I027,9,1,10,disliked
R009,I045,5,3,10,liked
R009,I150,,,10,chosen
R010,I084,5,2,4,unseen
R010,I100,1,2,4,neutral
R010,I142,6,2,4,unseen
R010,I116,3,4,4,disliked
R010,I153,7,1,4,unseen
R010,I048,2,2,4,disliked
R010,I068,9,1,4,unseen
R010,I190,3,3,4,liked
R010,I013,5,1,4,unseen
R010,I104,4,0,4,unseen
R010,I146,9,4,4,unseen
R010,I088,1,4,4,liked
R010,I175,7,4,4,unseen
R010,I051,4,4,4,unseen
R010,I077,6,0,4,unseen
R010,I065,3,0,4,neutral
R010,I046,0,2,4,disliked
R010,I060,9,0,4,unseen
R010,I140,8,4,4,unseen
R010,I073,8,0,4,unseen
R010,I097,9,2,4,unseen
R010,I134,8,3,4,unseen
R010,I123,0,0,4,neutral
R010,I189,4,2,4,unseen
R010,I028,7,3,4,unseen
R010,I080,6,4,4,unseen
R010,I038,7,0,4,unseen
R010,I107,2,1,4,liked
R010,I120,8,2,4,unseen
R010,I076,1,0,4,liked
R010,I016,6,1,4,unseen
R010,I021,4,1,4,unseen
R010,I196,0,3,4,liked
R010,I187,3,2,4,liked
R010,I050,2,3,4,disliked
R010,I182,5,0,4,unseen
R010,I033,5,4,4,unseen
R010,I165,0,1,4,neutral
R010,I139,1,1,4,neutral
R010,I113,5,3,4,unseen
R010,I129,7,2,4,unseen
R010,I193,6,3,4,unseen
R010,I053,2,4,4,neutral
R010,I090,2,0,4,liked
R010,I072,8,1,4,unseen
R010,I191,9,3,4,unseen
R010,I012,1,3,4,liked
R010,I198,0,4,4,liked
R010,I081,4,3,4,unseen
R010,I095,3,1,4,neutral
R010,I196,,,4,chosen
R011,I013,2,4,8,neutral
R011,I054,1,3,8,disliked
R011,I063,5,4,8,liked
R011,I062,9,0,8,unseen
R011,I074,1,0,8,disliked
R011,I199,1,4,8,liked
R011,I042,2,2,8,disliked
R011,I072,5,0,8,neutral
R011,I102,8,1,8,unseen
R011,I179,0,4,8,liked
R011,I094,9,1,8,unseen
R011,I134,6,3,8,neutral
R011,I056,6,4,8,liked
R011,I172,1,2,8,neutral
R011,I174,7,1,8,liked
R011,I200,2,1,8,liked
R011,I064,3,0,8,neutral
R011,I033,3,2,8,neutral
R011,I082,4,0,8,liked
R011,I059,5,2,8,neutral
R011,I081,8,2,8,unseen
R011,I086,6,0,8,liked
R011,I079,1,1,8,liked
R011,I117,6,1,8,liked
R011,I130,4,2,8,neutral
R011,I126,3,1,8,liked
R011,I025,8,0,8,unseen
R011,I184,7,0,8,liked
R011,I011,0,1,8,disliked
R011,I002,7,3,8,neutral
R011,I141,9,3,8,unseen
R011,I038,9,2,8,unseen
R011,I093,7,2,8,liked
R011,I180,2,0,8,disliked
R011,I118,4,4,8,neutral
R011,I165,3,3,8,liked
R011,I160,8,4,8,unseen
R011,I105,2,3,8,liked
R011,I100,8,3,8,unseen
R011,I083,9,4,8,unseen
R011,I047,7,4,8,liked
R011,I078,6,2,8,liked
R011,I049,0,0,8,liked
R011,I138,3,4,8,disliked
R011,I067,4,1,8,neutral
R011,I095,5,3,8,liked
R011,I021,5,1,8,neutral
R011,I119,4,3,8,neutral
R011,I168,0,3,8,neutral
R011,I037,0,2,8,liked
R011,I105,,,8,chosen
R012,I152,6,4,10,neutral
R012,I125,2,1,10,liked
R012,I143,1,4,10,liked
R012,I075,8,1,10,disliked
R012,I179,5,2,10,liked
R012,I121,9,3,10,neutral
R012,I173,6,0,10,neutral
R012,I029,5,0,10,neutral
R012,I113,7,2,10,disliked
R012,I193,2,3,10,neutral
R012,I012,8,3,10,neutral
R012,I031,4,3,10,disliked
R012,I155,0,0,10,liked
R012,I120,9,0,10,disliked
R012,I136,5,3,10,liked
R012,I011,6,2,10,liked
R012,I134,4,0,10,disliked
R012,I115,3,2,10,liked
R012,I184,5,4,10,liked
R012,I050,8,4,10,disliked
R012,I042,6,1,10,liked
R012,I159,8,0,10,neutral
R012,I030,9,4,10,liked
R012,I127,3,4,10,neutral
R012,I032,3,1,10,neutral
R012,I048,6,3,10,disliked
R012,I009,7,3,10,neutral
R012,I147,0,1,10,liked
R012,I071,1,3,10,disliked
R012,I146,1,2,10,liked
R012,I037,4,1,10,disliked
R012,I085,5,1,10,liked
R012,I118,0,2,10,disliked
R012,I066,1,1,10,liked
R012,I175,4,4,10,neutral
R012,I167,2,0,10,liked
R012,I104,3,3,10,liked
R012,I082,2,2,10,liked
R012,I023,1,0,10,liked
R012,I015,2,4,10,disliked
R012,I065,7,4,10,neutral
R012,I074,0,3,10,neutral
R012,I058,9,1,10,liked
R012,I132,0,4,10,liked
R012,I090,3,0,10,liked
R012,I057,4,2,10,neutral
R012,I046,7,1,10,neutral
R012,I033,8,2,10,disliked
R012,I068,9,2,10,neutral
R012,I183,7,0,10,disliked
R012,I082,,,10,chosen
R013,I001,1,2,10,liked
R013,I051,4,4,10,disliked
R013,I104,1,0,10,liked
R013,I078,5,4,10,liked
R013,I054,8,1,10,liked
R013,I007,5,1,10,neutral
R013,I069,4,1,10,neutral
R013,I101,7,2,10,neutral
R013,I084,0,0,10,disliked
R013,I099,3,3,10,disliked
R013,I159,7,4,10,disliked
R013,I025,0,1,10,neutral
R013,I175,4,2,10,neutral
R013,I165,2,3,10,liked
R013,I059,4,0,10,neutral
R013,I162,2,0,10,disliked
R013,I077,7,0,10,neutral
R013,I092,9,3,10,liked
R013,I105,3,0,10,neutral
R013,I082,8,3,10,neutral
R013,I032,3,1,10,disliked
R013,I118,5,0,10,disliked
R013,I150,1,1,10,disliked
R013,I177,5,2,10,neutral
R013,I100,1,3,10,neutral
R013,I056,2,1,10,neutral
R013,I031,6,3,10,neutral
R013,I132,6,4,10,neutral
R013,I144,6,1,10,liked
R013,I125,0,4,10,liked
R013,I060,9,1,10,neutral
R013,I030,6,0,10,liked
R013,I073,3,4,10,neutral
R013,I022,6,2,10,neutral
R013,I190,2,2,10,neutral
R013,I090,7,3,10,liked
R013,I164,9,0,10,neutral
R013,I198,0,2,10,disliked
R013,I199,5,3,10,liked
R013,I003,3,2,10,neutral
R013,I170,8,4,10,disliked
R013,I167,2,4,10,disliked
R013,I047,8,2,10,neutral
R013,I111,0,3,10,neutral
R013,I004,9,4,10,disliked
R013,I071,7,1,10,disliked
R013,I029,8,0,10,neutral
R013,I149,9,2,10,liked
R013,I122,1,4,10,disliked
R013,I143,4,3,10,neutral
R013,I165,,,10,chosen
R014,I158,4,0,10,liked
R014,I079,3,1,10,neutral
R014,I036,1,0,10,neutral
R014,I012,8,4,10,disliked
R014,I126,7,3,10,disliked
R014,I157,7,2,10,disliked
R014,I049,6,1,10,disliked
R014,I057,3,3,10,disliked
R014,I109,6,4,10,neutral
R014,I175,8,1,10,neutral
R014,I168,3,4,10,disliked
R014,I093,1,1,10,disliked
R014,I136,9,3,10,liked
R014,I034,5,0,10,disliked
R014,I051,2,4,10,liked
R014,I019,2,2,10,disliked
R014,I128,0,0,10,neutral
R014,I055,0,3,10,liked
R014,I107,9,2,10,neutral
R014,I110,5,4,10,disliked
R014,I134,6,0,10,liked
R014,I115,7,4,10,disliked
R014,I149,1,2,10,neutral
R014,I104,8,0,10,neutral
R014,I197,0,4,10,disliked
R014,I025,2,0,10,neutral
R014,I023,9,0,10,neutral
R014,I006,4,3,10,neutral
R014,I098,3,2,10,liked
R014,I155,5,2,10,neutral
R014,I014,4,2,10,disliked
R014,I108,7,0,10,disliked
R014,I039,6,2,10,liked
R014,I164,9,1,10,disliked
R014,I042,3,0,10,neutral
R014,I172,2,3,10,neutral
R014,I076,8,2,10,liked
R014,I130,4,4,10,disliked
R014,I192,5,3,10,disliked
R014,I024,6,3,10,liked
R014,I193,4,1,10,neutral
R014,I073,0,2,10,disliked
R014,I094,2,1,10,neutral
R014,I066,8,3,10,liked
R014,I185,1,3,10,disliked
R014,I141,5,1,10,liked
R014,I044,1,4,10,neutral
R014,I111,7,1,10,neutral
R014,I116,0,1,10,disliked
R014,I087,9,4,10,liked
R014,I024,,,10,chosen
R015,I098,2,3,10,liked
R015,I055,9,1,10,liked
R015,I157,0,0,10,disliked
R015,I081,8,0,10,neutral
R015,I035,2,2,10,liked
R015,I025,9,3,10,neutral
R015,I045,6,4,10,liked
R015,I079,0,3,10,liked
R015,I194,1,0,10,liked
R015,I043,8,2,10,disliked
R015,I142,5,2,10,liked
R015,I099,0,1,10,neutral
R015,I072,8,3,10,neutral
R015,I068,6,3,10,disliked
R015,I133,9,2,10,liked
R015,I110,4,0,10,disliked
R015,I160,2,0,10,liked
R015,I091,1,2,10,neutral
R015,I007,7,2,10,disliked
R015,I196,4,3,10,liked
R015,I089,9,0,10,disliked
R015,I177,2,4,10,neutral
R015,I175,5,0,10,disliked
R015,I090,3,0,10,neutral
R015,I019,9,4,10,liked
R015,I101,3,3,10,neutral
R015,I154,3,1,10,liked
R015,I024,2,1,10,liked
R015,I027,7,0,10,neutral
R015,I108,5,1,10,liked
R015,I144,8,1,10,neutral
R015,I084,8,4,10,neutral
R015,I087,7,3,10,liked
R015,I036,3,4,10,liked
R015,I121,5,3,10,neutral
R015,I140,1,1,10,liked
R015,I192,4,4,10,liked
R015,I014,6,2,10,liked
R015,I105,0,4,10,liked
R015,I165,4,1,10,liked
R015,I111,0,2,10,neutral
R015,I042,3,2,10,neutral
R015,I188,4,2,10,neutral
R015,I151,1,4,10,neutral
R015,I172,1,3,10,neutral
R015,I149,6,1,10,neutral
R015,I130,6,0,10,disliked
R015,I135,5,4,10,neutral
R015,I021,7,4,10,neutral
R015,I136,7,1,10,neutral
R015,I196,,,10,chosen
R016,I105,3,3,9,disliked
R016,I048,0,4,9,disliked
R016,I037,8,2,9,neutral
R016,I056,2,0,9,liked
R016,I083,5,4,9,liked
R016,I004,1,1,9,neutral
R016,I192,2,4,9,neutral
R016,I009,7,0,9,neutral
R016,I096,4,3,9,disliked
R016,I107,9,2,9,unseen
R016,I150,6,4,9,neutral
R016,I108,3,2,9,disliked
R016,I115,2,1,9,liked
R016,I028,9,3,9,unseen
R016,I194,8,1,9,neutral
R016,I067,9,1,9,unseen
R016,I001,0,1,9,disliked
R016,I053,0,0,9,liked
R016,I180,1,3,9,neutral
R016,I043,2,3,9,liked
R016,I131,4,1,9,neutral
R016,I124,3,4,9,liked
R016,I071,0,2,9,liked
R016,I087,0,3,9,disliked
R016,I046,1,2,9,disliked
R016,I176,3,0,9,neutral
R016,I109,6,2,9,liked
R016,I085,1,4,9,neutral
R016,I136,8,0,9,liked
R016,I072,3,1,9,neutral
R016,I119,5,1,9,disliked
R016,I161,5,0,9,neutral
R016,I063,8,4,9,neutral
R016,I184,4,0,9,neutral
R016,I006,9,4,9,unseen
R016,I183,4,4,9,liked
R016,I140,6,0,9,liked
R016,I174,9,0,9,unseen
R016,I195,7,2,9,neutral
R016,I135,4,2,9,liked
R016,I130,7,4,9,liked
R016,I193,8,3,9,neutral
R016,I171,6,1,9,neutral
R016,I143,7,3,9,neutral
R016,I182,7,1,9,neutral
R016,I025,6,3,9,disliked
R016,I012,1,0,9,liked
R016,I188,2,2,9,liked
R016,I186,5,3,9,disliked
R016,I034,5,2,9,liked
R016,I109,,,9,chosen
R017,I164,0,4,5,neutral
R017,I070,4,0,5,liked
R017,I060,7,1,5,unseen
R017,I050,6,3,5,unseen
R017,I026,6,0,5,unseen
R017,I116,3,1,5,liked
R017,I009,4,1,5,liked
R017,I024,0,3,5,liked
R017,I150,5,1,5,unseen
R017,I035,1,2,5,liked
R017,I047,7,0,5,unseen
R017,I036,5,2,5,unseen
R017,I113,2,4,5,neutral
R017,I006,2,3,5,liked
R017,I003,5,4,5,unseen
R017,I108,1,0,5,liked
R017,I091,2,2,5,neutral
R017,I088,7,2,5,unseen
R017,I057,4,2,5,disliked
R017,I199,6,2,5,unseen
R017,I156,8,4,5,unseen
R017,I032,4,4,5,neutral
R017,I117,6,1,5,unseen
R017,I106,2,0,5,neutral
R017,I020,9,0,5,unseen
R017,I101,1,3,5,liked
R017,I001,9,2,5,unseen
R017,I055,3,2,5,disliked
R017,I109,6,4,5,unseen
R017,I100,3,0,5,liked
R017,I196,1,4,5,liked
R017,I184,8,0,5,unseen
R017,I053,7,4,5,unseen
R017,I064,0,2,5,neutral
R017,I112,5,3,5,unseen
R017,I153,8,2,5,unseen
R017,I194,3,4,5,liked
R017,I075,0,1,5,liked
R017,I176,9,1,5,unseen
R017,I185,0,0,5,neutral
R017,I089,2,1,5,liked
R017,I127,7,3,5,unseen
R017,I157,3,3,5,disliked
R017,I042,9,3,5,unseen
R017,I049,8,1,5,unseen
R017,I045,9,4,5,unseen
R017,I027,1,1,5,liked
R017,I043,5,0,5,unseen
R017,I119,8,3,5,unseen
R017,I041,4,3,5,liked
R017,I101,,,5,chosen
R018,I026,6,4,6,unseen
R018,I166,4,3,6,disliked
R018,I131,3,4,6,liked
R018,I173,9,2,6,unseen
R018,I185,3,3,6,neutral
R018,I170,4,2,6,liked
R018,I186,4,4,6,disliked
R018,I002,8,2,6,unseen
R018,I106,5,4,6,disliked
R018,I071,1,3,6,liked
R018,I184,8,1,6,unseen
R018,I100,3,2,6,liked
R018,I139,0,4,6,neutral
R018,I019,2,4,6,disliked
R018,I043,3,1,6,disliked
R018,I103,0,1,6,neutral
R018,I152,6,1,6,unseen
R018,I077,8,0,6,unseen
R018,I055,1,2,6,liked
R018,I062,9,0,6,unseen
R018,I149,7,4,6,unseen
R018,I153,1,1,6,liked
R018,I150,6,0,6,unseen
R018,I123,6,2,6,unseen
R018,I051,7,1,6,unseen
R018,I198,0,0,6,liked
R018,I145,4,1,6,disliked
R018,I085,1,0,6,disliked
R018,I090,9,1,6,unseen
R018,I157,7,3,6,unseen
R018,I060,5,2,6,neutral
R018,I105,0,3,6,disliked
R018,I124,7,2,6,unseen
R018,I200,9,3,6,unseen
R018,I086,8,3,6,unseen
R018,I107,2,3,6,liked
R018,I158,3,0,6,neutral
R018,I054,6,3,6,unseen
R018,I146,9,4,6,unseen
R018,I038,5,3,6,disliked
R018,I115,1,4,6,neutral
R018,I125,5,0,6,neutral
R018,I109,2,1,6,disliked
R018,I163,4,0,6,neutral
R018,I014,7,0,6,unseen
R018,I122,5,1,6,neutral
R018,I098,8,4,6,unseen
R018,I027,0,2,6,disliked
R018,I056,2,2,6,liked
R018,I128,2,0,6,liked
R018,I100,,,6,chosen
R019,I174,0,3,9,disliked
R019,I119,8,0,9,neutral
R019,I071,6,2,9,neutral
R019,I070,4,0,9,neutral
R019,I035,4,4,9,liked
R019,I083,2,4,9,liked
R019,I194,6,1,9,disliked
R019,I125,3,1,9,liked
R019,I041,9,3,9,unseen
R019,I072,0,1,9,neutral
R019,I183,7,1,9,liked
R019,I189,6,3,9,liked
R019,I087,1,4,9,disliked
R019,I110,4,3,9,liked
R019,I005,9,2,9,unseen
R019,I098,8,3,9,disliked
R019,I178,1,0,9,liked
R019,I159,6,0,9,liked
R019,I038,3,0,9,disliked
R019,I160,0,4,9,liked
R019,I080,0,2,9,neutral
R019,I095,5,3,9,neutral
R019,I037,3,3,9,neutral
R019,I033,2,3,9,neutral
R019,I157,8,4,9,liked
R019,I141,9,1,9,unseen
R019,I182,8,1,9,liked
R019,I154,5,1,9,liked
R019,I003,5,2,9,neutral
R019,I163,3,4,9,disliked
R019,I164,5,0,9,neutral
R019,I187,2,2,9,liked
R019,I056,2,0,9,liked
R019,I064,7,0,9,liked
R019,I180,7,4,9,disliked
R019,I068,8,2,9,neutral
R019,I050,4,1,9,liked
R019,I151,4,2,9,neutral
R019,I166,0,0,9,liked
R019,I091,3,2,9,neutral
R019,I077,7,2,9,liked
R019,I196,5,4,9,liked
R019,I081,6,4,9,neutral
R019,I020,7,3,9,liked
R019,I029,9,4,9,unseen
R019,I131,9,0,9,unseen
R019,I128,1,2,9,neutral
R019,I122,1,1,9,neutral
R019,I111,2,1,9,neutral
R019,I156,1,3,9,neutral
R019,I083,,,9,chosen
R020,I082,3,4,7,liked
R020,I164,6,1,7,disliked
R020,I101,8,2,7,unseen
R020,I145,1,4,7,neutral
R020,I081,1,0,7,liked
R020,I067,8,1,7,unseen
R020,I065,9,4,7,unseen
R020,I110,6,2,7,neutral
R020,I045,7,2,7,unseen
R020,I138,3,2,7,disliked
R020,I041,6,4,7,neutral
R020,I017,0,0,7,liked
R020,I047,8,0,7,unseen
R020,I179,3,1,7,liked
R020,I007,0,3,7,neutral
R020,I158,0,4,7,disliked
R020,I046,6,0,7,liked
R020,I104,7,1,7,unseen
R020,I106,2,4,7,neutral
R020,I079,9,1,7,unseen
R020,I087,2,3,7,liked
R020,I169,9,0,7,unseen
R020,I033,3,0,7,neutral
R020,I072,4,4,7,neutral
R020,I089,4,0,7,liked
R020,I040,5,0,7,disliked
R020,I135,1,1,7,neutral
R020,I050,5,3,7,liked
R020,I175,5,1,7,neutral
R020,I171,4,1,7,disliked
R020,I189,0,2,7,liked
R020,I084,4,2,7,liked
R020,I112,8,4,7,unseen
R020,I020,2,0,7,liked
R020,I023,7,3,7,unseen
R020,I011,3,3,7,liked
R020,I085,5,2,7,neutral
R020,I064,8,3,7,unseen
R020,I028,1,2,7,disliked
R020,I181,7,4,7,unseen
R020,I105,9,2,7,unseen
R020,I168,0,1,7,liked
R020,I184,6,3,7,liked
R020,I059,2,2,7,liked
R020,I159,2,1,7,disliked
R020,I070,4,3,7,neutral
R020,I186,1,3,7,liked
R020,I071,7,0,7,unseen
R020,I083,9,3,7,unseen
R020,I190,5,4,7,neutral
R020,I084,,,7,chosen
R021,I101,5,0,4,unseen
R021,I003,1,1,4,neutral
R021,I119,0,2,4,liked
R021,I114,2,2,4,disliked
R021,I043,7,4,4,unseen
R021,I129,2,1,4,neutral
R021,I058,8,2,4,unseen
R021,I191,1,3,4,neutral
R021,I169,6,3,4,unseen
R021,I183,3,1,4,liked
R021,I099,8,0,4,unseen
R021,I112,9,4,4,unseen
R021,I135,0,0,4,disliked
R021,I049,3,0,4,liked
R021,I171,0,3,4,disliked
R021,I008,3,3,4,neutral
R021,I086,8,1,4,unseen
R021,I014,6,1,4,unseen
R021,I149,1,0,4,disliked
R021,I193,1,4,4,disliked
R021,I103,6,4,4,unseen
R021,I094,9,1,4,unseen
R021,I080,2,4,4,neutral
R021,I100,0,1,4,liked
R021,I097,5,4,4,unseen
R021,I047,6,0,4,unseen
R021,I173,4,2,4,unseen
R021,I159,3,2,4,disliked
R021,I113,4,4,4,unseen
R021,I063,2,0,4,liked
R021,I069,9,3,4,unseen
R021,I054,2,3,4,liked
R021,I056,7,3,4,unseen
R021,I089,3,4,4,neutral
R021,I031,9,0,4,unseen
R021,I139,0,4,4,neutral
R021,I121,7,0,4,unseen
R021,I028,1,2,4,liked
R021,I076,4,3,4,unseen
R021,I037,5,2,4,unseen
R021,I134,5,1,4,unseen
R021,I143,8,3,4,unseen
R021,I180,7,2,4,unseen
R021,I017,5,3,4,unseen
R021,I190,4,0,4,unseen
R021,I066,4,1,4,unseen
R021,I189,9,2,4,unseen
R021,I074,6,2,4,unseen
R021,I057,7,1,4,unseen
R021,I172,8,4,4,unseen
R021,I100,,,4,chosen
R022,I024,0,4,9,liked
R022,I176,6,0,9,disliked
R022,I076,1,2,9,liked
R022,I165,0,0,9,disliked
R022,I077,9,0,9,unseen
R022,I017,4,4,9,disliked
R022,I005,2,4,9,neutral
R022,I108,1,1,9,liked
R022,I106,7,4,9,neutral
R022,I064,0,3,9,neutral
R022,I112,3,3,9,neutral
R022,I087,7,1,9,liked
R022,I155,4,0,9,neutral
R022,I069,8,0,9,disliked
R022,I053,4,3,9,neutral
R022,I097,6,1,9,liked
R022,I181,2,2,9,disliked
R022,I052,3,0,9,liked
R022,I011,0,2,9,neutral
R022,I007,5,0,9,disliked
R022,I113,9,4,9,unseen
R022,I166,0,1,9,neutral
R022,I145,3,1,9,neutral
R022,I048,5,2,9,liked
R022,I118,9,2,9,unseen
R022,I084,2,0,9,neutral
R022,I073,6,3,9,neutral
R022,I192,3,4,9,neutral
R022,I037,2,1,9,liked
R022,I047,9,1,9,unseen
R022,I018,4,2,9,neutral
R022,I198,7,0,9,neutral
R022,I156,1,3,9,disliked
R022,I131,6,4,9,liked
R022,I180,1,0,9,disliked
R022,I009,7,3,9,liked
R022,I039,5,3,9,neutral
R022,I139,5,1,9,neutral
R022,I098,8,4,9,liked
R022,I130,3,2,9,neutral
R022,I109,8,1,9,disliked
R022,I168,8,2,9,neutral
R022,I163,5,4,9,neutral
R022,I169,7,2,9,liked
R022,I123,2,3,9,neutral
R022,I117,9,3,9,unseen
R022,I189,8,3,9,disliked
R022,I001,4,1,9,neutral
R022,I124,1,4,9,liked
R022,I183,6,2,9,disliked
R022,I098,,,9,chosen
R023,I017,5,0,10,neutral
R023,I173,6,0,10,neutral
R023,I181,6,3,10,liked
R023,I153,2,1,10,liked
R023,I163,9,1,10,neutral
R023,I166,1,3,10,liked
R023,I033,4,0,10,neutral
R023,I174,2,0,10,liked
R023,I038,4,2,10,disliked
R023,I187,6,1,10,liked
R023,I154,6,4,10,liked
R023,I119,8,0,10,neutral
R023,I135,2,4,10,neutral
R023,I168,0,3,10,neutral
R023,I086,3,4,10,liked
R023,I066,7,2,10,liked
R023,I054,7,1,10,neutral
R023,I058,1,2,10,disliked
R023,I022,0,2,10,neutral
R023,I142,7,3,10,liked
R023,I167,4,3,10,liked
R023,I146,5,2,10,liked
R023,I018,8,1,10,neutral
R023,I143,1,4,10,neutral
R023,I138,3,1,10,neutral
R023,I094,4,1,10,neutral
R023,I186,0,1,10,neutral
R023,I079,0,4,10,neutral
R023,I170,6,2,10,liked
R023,I104,7,4,10,liked
R023,I027,2,3,10,liked
R023,I060,5,1,10,neutral
R023,I012,5,4,10,neutral
R023,I160,4,4,10,liked
R023,I128,7,0,10,liked
R023,I152,9,0,10,liked
R023,I055,8,3,10,disliked
R023,I110,3,0,10,liked
R023,I085,3,3,10,disliked
R023,I051,9,3,10,liked
R023,I180,3,2,10,disliked
R023,I084,8,2,10,disliked
R023,I121,5,3,10,disliked
R023,I030,2,2,10,neutral
R023,I013,0,0,10,liked
R023,I192,1,0,10,liked
R023,I116,8,4,10,liked
R023,I133,9,2,10,disliked
R023,I156,9,4,10,neutral
R023,I061,1,1,10,liked
R023,I181,,,10,chosen
R024,I105,4,2,10,liked
R024,I182,3,4,10,liked
R024,I194,6,4,10,liked
R024,I106,5,1,10,liked
R024,I126,0,4,10,liked
R024,I095,1,0,10,liked
R024,I063,9,4,10,liked
R024,I137,3,0,10,liked
R024,I184,0,3,10,liked
R024,I180,6,1,10,liked
R024,I072,8,3,10,neutral
R024,I186,2,1,10,neutral
R024,I146,8,1,10,liked
R024,I081,9,3,10,neutral
R024,I057,8,0,10,neutral
R024,I179,6,0,10,disliked
R024,I003,7,3,10,disliked
R024,I193,3,3,10,neutral
R024,I113,6,3,10,neutral
R024,I104,8,2,10,liked
R024,I071,8,4,10,liked
R024,I147,7,0,10,liked
R024,I088,2,3,10,disliked
R024,I102,0,2,10,liked
R024,I054,9,0,10,liked
R024,I117,2,2,10,liked
R024,I188,1,2,10,neutral
R024,I018,4,4,10,neutral
R024,I087,7,1,10,disliked
R024,I200,9,2,10,liked
R024,I022,9,1,10,liked
R024,I197,0,0,10,liked
R024,I163,3,2,10,neutral
R024,I013,4,0,10,neutral
R024,I042,1,1,10,neutral
R024,I020,0,1,10,neutral
R024,I187,4,3,10,liked
R024,I109,1,3,10,neutral
R024,I160,4,1,10,liked
R024,I170,3,1,10,neutral
R024,I198,7,4,10,neutral
R024,I116,7,2,10,liked
R024,I099,2,4,10,liked
R024,I026,5,4,10,liked
R024,I067,5,0,10,liked
R024,I169,1,4,10,disliked
R024,I178,5,3,10,disliked
R024,I131,5,2,10,liked
R024,I056,6,2,10,disliked
R024,I008,2,0,10,liked
R024,I126,,,10,chosen
R025,I077,7,4,4,unseen
R025,I137,1,4,4,disliked
R025,I161,1,3,4,liked
R025,I162,4,3,4,unseen
R025,I011,5,0,4,unseen
R025,I050,7,0,4,unseen
R025,I053,9,3,4,unseen
R025,I031,8,1,4,unseen
R025,I026,4,1,4,unseen
R025,I151,0,2,4,neutral
R025,I083,5,1,4,unseen
R025,I030,4,4,4,unseen
R025,I098,8,4,4,unseen
R025,I087,8,0,4,unseen
R025,I100,9,2,4,unseen
R025,I133,0,1,4,liked
R025,I038,2,2,4,disliked
R025,I165,2,4,4,disliked
R025,I093,8,2,4,unseen
R025,I008,6,3,4,unseen
R025,I060,3,2,4,disliked
R025,I159,0,3,4,disliked
R025,I018,4,2,4,unseen
R025,I045,2,3,4,disliked
R025,I061,3,4,4,neutral
R025,I086,7,1,4,unseen
R025,I015,2,0,4,liked
R025,I156,7,2,4,unseen
R025,I122,1,0,4,neutral
R025,I135,6,2,4,unseen
R025,I006,7,3,4,unseen
R025,I034,6,4,4,unseen
R025,I175,2,1,4,liked
R025,I056,4,0,4,unseen
R025,I199,0,4,4,liked
R025,I114,5,2,4,unseen
R025,I158,3,3,4,neutral
R025,I020,6,0,4,unseen
R025,I196,6,1,4,unseen
R025,I072,9,4,4,unseen
R025,I036,9,1,4,unseen
R025,I040,9,0,4,unseen
R025,I014,5,3,4,unseen
R025,I085,0,0,4,liked
R025,I169,1,1,4,liked
R025,I128,1,2,4,liked
R025,I029,5,4,4,unseen
R025,I145,3,1,4,liked
R025,I171,8,3,4,unseen
R025,I071,3,0,4,neutral
R025,I133,,,4,chosen
R026,I148,0,4,7,liked
R026,I066,3,1,7,liked
R026,I145,8,1,7,unseen
R026,I109,1,1,7,disliked
R026,I061,3,2,7,neutral
R026,I151,1,3,7,liked
R026,I011,1,0,7,liked
R026,I004,5,0,7,liked
R026,I043,3,0,7,liked
R026,I044,4,1,7,liked
R026,I077,6,0,7,neutral
R026,I021,4,3,7,neutral
R026,I150,8,0,7,unseen
R026,I059,2,2,7,neutral
R026,I195,0,3,7,disliked
R026,I087,3,4,7,liked
R026,I072,5,4,7,disliked
R026,I023,6,2,7,liked
R026,I101,5,1,7,liked
R026,I154,4,2,7,neutral
R026,I192,0,0,7,disliked
R026,I102,7,1,7,unseen
R026,I089,2,4,7,neutral
R026,I098,7,4,7,unseen
R026,I036,6,4,7,disliked
R026,I022,9,2,7,unseen
R026,I159,1,2,7,neutral
R026,I197,1,4,7,neutral
R026,I095,6,1,7,neutral
R026,I055,3,3,7,liked
R026,I073,6,3,7,neutral
R026,I147,8,4,7,unseen
R026,I132,5,2,7,liked
R026,I175,2,3,7,neutral
R026,I029,7,0,7,unseen
R026,I048,7,2,7,unseen
R026,I002,2,0,7,liked
R026,I134,5,3,7,liked
R026,I020,9,4,7,unseen
R026,I169,0,2,7,disliked
R026,I165,4,0,7,liked
R026,I115,2,1,7,neutral
R026,I091,4,4,7,liked
R026,I126,0,1,7,liked
R026,I052,9,3,7,unseen
R026,I018,9,0,7,unseen
R026,I171,7,3,7,unseen
R026,I174,8,3,7,unseen
R026,I196,9,1,7,unseen
R026,I152,8,2,7,unseen
R026,I165,,,7,chosen
R027,I065,9,0,8,unseen
R027,I109,3,3,8,neutral
R027,I048,7,0,8,disliked
R027,I102,8,0,8,unseen
R027,I129,8,1,8,unseen
R027,I144,5,3,8,liked
R027,I082,7,4,8,liked
R027,I075,0,1,8,liked
R027,I087,9,1,8,unseen
R027,I195,3,0,8,liked
R027,I152,8,2,8,unseen
R027,I023,4,2,8,liked
R027,I188,0,2,8,neutral
R027,I177,8,4,8,unseen
R027,I166,4,4,8,liked
R027,I073,9,2,8,unseen
R027,I159,5,1,8,neutral
R027,I117,6,0,8,liked
R027,I003,7,3,8,neutral
R027,I150,2,2,8,disliked
R027,I157,0,3,8,neutral
R027,I046,2,1,8,liked
R027,I093,1,3,8,liked
R027,I105,5,0,8,liked
R027,I015,4,0,8,disliked
R027,I196,6,4,8,liked
R027,I094,6,3,8,neutral
R027,I187,3,1,8,liked
R027,I182,1,2,8,liked
R027,I092,5,2,8,disliked
R027,I060,2,0,8,liked
R027,I027,1,0,8,neutral
R027,I172,4,3,8,neutral
R027,I170,9,4,8,unseen
R027,I154,1,1,8,liked
R027,I142,7,1,8,liked
R027,I038,2,4,8,liked
R027,I199,9,3,8,unseen
R027,I173,8,3,8,unseen
R027,I190,3,2,8,liked
R027,I064,5,4,8,neutral
R027,I165,2,3,8,liked
R027,I049,1,4,8,liked
R027,I004,6,2,8,neutral
R027,I181,3,4,8,liked
R027,I160,7,2,8,liked
R027,I135,0,4,8,neutral
R027,I138,0,0,8,neutral
R027,I044,6,1,8,disliked
R027,I025,4,1,8,liked
R027,I160,,,8,chosen
R028,I042,9,4,10,neutral
R028,I168,3,3,10,liked
R028,I139,9,1,10,liked
R028,I175,6,3,10,disliked
R028,I015,0,1,10,neutral
R028,I103,4,2,10,neutral
R028,I174,8,3,10,liked
R028,I183,5,2,10,liked
R028,I010,6,2,10,neutral
R028,I187,2,4,10,disliked
R028,I080,5,1,10,liked
R028,I136,5,3,10,disliked
R028,I077,4,0,10,neutral
R028,I118,2,0,10,liked
R028,I012,8,4,10,neutral
R028,I071,1,0,10,liked
R028,I119,6,4,10,liked
R028,I130,4,3,10,neutral
R028,I104,6,1,10,liked
R028,I137,8,1,10,neutral
R028,I180,2,3,10,liked
R028,I196,6,0,10,liked
R028,I148,0,3,10,disliked
R028,I023,2,2,10,liked
R028,I003,5,4,10,neutral
R028,I049,2,1,10,liked
R028,I041,1,1,10,neutral
R028,I115,1,2,10,liked
R028,I017,8,2,10,neutral
R028,I142,7,4,10,liked
R028,I120,8,0,10,disliked
R028,I076,7,3,10,neutral
R028,I045,1,3,10,neutral
R028,I105,5,0,10,liked
R028,I064,9,3,10,neutral
R028,I057,7,1,10,disliked
R028,I072,3,0,10,neutral
R028,I158,0,2,10,neutral
R028,I084,4,1,10,liked
R028,I165,7,2,10,liked
R028,I101,1,4,10,neutral
R028,I019,3,1,10,neutral
R028,I155,4,4,10,liked
R028,I029,3,4,10,liked
R028,I153,0,4,10,disliked
R028,I110,3,2,10,liked
R028,I039,9,0,10,liked
R028,I109,7,0,10,disliked
R028,I149,0,0,10,disliked
R028,I166,9,2,10,neutral
R028,I168,,,10,chosen
R029,I061,5,3,10,disliked
R029,I177,2,0,10,liked
R029,I169,6,3,10,neutral
R029,I037,6,4,10,neutral
R029,I101,3,4,10,neutral
R029,I075,4,3,10,disliked
R029,I182,0,2,10,liked
R029,I076,1,3,10,neutral
R029,I078,6,2,10,neutral
R029,I088,9,3,10,neutral
R029,I031,3,3,10,neutral
R029,I032,1,4,10,neutral
R029,I166,1,0,10,neutral
R029,I091,7,4,10,disliked
R029,I200,2,3,10,disliked
R029,I106,8,1,10,liked
R029,I062,2,1,10,disliked
R029,I155,7,1,10,disliked
R029,I023,2,2,10,liked
R029,I034,0,1,10,disliked
R029,I092,7,3,10,liked
R029,I187,3,1,10,liked
R029,I011,9,1,10,liked
R029,I005,8,4,10,liked
R029,I004,0,3,10,disliked
R029,I129,1,1,10,neutral
R029,I072,3,2,10,liked
R029,I189,8,2,10,liked
R029,I167,6,1,10,liked
R029,I122,7,0,10,neutral
R029,I013,3,0,10,disliked
R029,I113,7,2,10,liked
R029,I144,6,0,10,liked
R029,I140,9,2,10,liked
R029,I128,9,4,10,neutral
R029,I100,4,4,10,neutral
R029,I158,4,1,10,neutral
R029,I033,1,2,10,liked
R029,I132,2,4,10,liked
R029,I120,0,4,10,neutral
R029,I028,5,0,10,liked
R029,I142,8,0,10,liked
R029,I176,9,0,10,neutral
R029,I097,4,2,10,liked
R029,I196,5,4,10,neutral
R029,I195,5,1,10,liked
R029,I051,8,3,10,liked
R029,I131,4,0,10,disliked
R029,I022,0,0,10,liked
R029,I086,5,2,10,liked
R029,I195,,,10,chosen
R030,I017,8,2,7,unseen
R030,I047,5,1,7,disliked
R030,I170,8,4,7,unseen
R030,I109,4,1,7,neutral
R030,I165,0,4,7,liked
R030,I115,7,1,7,unseen
R030,I072,6,0,7,liked
R030,I092,6,2,7,disliked
R030,I054,8,1,7,unseen
R030,I105,5,3,7,liked
R030,I190,1,0,7,liked
R030,I184,5,4,7,liked
R030,I150,6,3,7,disliked
R030,I104,8,3,7,unseen
R030,I033,9,0,7,unseen
R030,I018,7,4,7,unseen
R030,I044,7,3,7,unseen
R030,I181,2,4,7,liked
R030,I093,3,3,7,liked
R030,I081,5,0,7,disliked
R030,I032,0,2,7,disliked
R030,I199,6,4,7,disliked
R030,I016,3,2,7,disliked
R030,I002,2,1,7,liked
R030,I169,3,0,7,disliked
R030,I026,9,3,7,unseen
R030,I019,0,1,7,neutral
R030,I197,2,3,7,liked
R030,I147,1,4,7,neutral
R030,I085,3,1,7,disliked
R030,I118,2,0,7,liked
R030,I196,4,4,7,neutral
R030,I164,8,0,7,unseen
R030,I126,6,1,7,liked
R030,I021,7,0,7,unseen
R030,I083,4,3,7,neutral
R030,I028,9,1,7,unseen
R030,I189,5,2,7,liked
R030,I082,4,0,7,liked
R030,I176,1,1,7,liked
R030,I070,2,2,7,disliked
R030,I167,1,3,7,neutral
R030,I134,0,3,7,disliked
R030,I135,4,2,7,disliked
R030,I131,7,2,7,unseen
R030,I025,1,2,7,neutral
R030,I077,9,2,7,unseen
R030,I185,9,4,7,unseen
R030,I192,0,0,7,disliked
R030,I191,3,4,7,neutral
R030,I165,,,7,chosen
R031,I086,8,1,5,unseen
R031,I041,2,2,5,liked
R031,I151,5,1,5,unseen
R031,I085,8,0,5,unseen
R031,I119,8,2,5,unseen
R031,I154,0,2,5,liked
R031,I124,2,4,5,liked
R031,I144,4,2,5,liked
R031,I076,0,3,5,liked
R031,I116,7,0,5,unseen
R031,I033,3,3,5,neutral
R031,I005,6,2,5,unseen
R031,I040,3,4,5,liked
R031,I171,1,2,5,neutral
R031,I189,1,4,5,disliked
R031,I191,4,3,5,disliked
R031,I166,1,3,5,disliked
R031,I089,2,1,5,neutral
R031,I150,0,0,5,liked
R031,I175,5,2,5,unseen
R031,I199,5,4,5,unseen
R031,I077,7,4,5,unseen
R031,I100,1,0,5,disliked
R031,I145,9,3,5,unseen
R031,I053,3,2,5,disliked
R031,I147,7,3,5,unseen
R031,I009,5,0,5,unseen
R031,I185,4,1,5,liked
R031,I146,4,0,5,neutral
R031,I039,7,2,5,unseen
R031,I059,4,4,5,liked
R031,I115,6,1,5,unseen
R031,I034,5,3,5,unseen
R031,I190,9,2,5,unseen
R031,I043,6,3,5,unseen
R031,I170,8,4,5,unseen
R031,I056,6,0,5,unseen
R031,I015,9,4,5,unseen
R031,I122,7,1,5,unseen
R031,I080,9,0,5,unseen
R031,I097,0,4,5,disliked
R031,I084,8,3,5,unseen
R031,I011,0,1,5,neutral
R031,I123,1,1,5,neutral
R031,I014,2,3,5,liked
R031,I067,9,1,5,unseen
R031,I028,3,1,5,liked
R031,I008,3,0,5,liked
R031,I179,6,4,5,unseen
R031,I109,2,0,5,liked
R031,I076,,,5,chosen
R032,I120,1,3,10,neutral
R032,I060,8,3,10,neutral
R032,I027,2,3,10,disliked
R032,I153,4,0,10,neutral
R032,I075,2,1,10,liked
R032,I021,1,1,10,liked
R032,I031,5,4,10,disliked
R032,I136,8,0,10,neutral
R032,I033,8,1,10,liked
R032,I070,5,2,10,liked
R032,I191,2,0,10,disliked
R032,I197,6,4,10,liked
R032,I130,7,3,10,neutral
R032,I095,4,2,10,neutral
R032,I057,4,4,10,liked
R032,I055,7,4,10,liked
R032,I163,8,2,10,neutral
R032,I171,7,2,10,disliked
R032,I135,1,4,10,liked
R032,I116,9,1,10,liked
R032,I101,9,0,10,neutral
R032,I186,9,2,10,neutral
R032,I066,6,3,10,neutral
R032,I046,9,4,10,neutral
R032,I161,3,0,10,neutral
R032,I016,4,3,10,liked
R032,I071,4,1,10,disliked
R032,I051,1,0,10,liked
R032,I001,3,2,10,neutral
R032,I200,9,3,10,disliked
R032,I192,3,3,10,neutral
R032,I014,8,4,10,neutral
R032,I145,5,3,10,disliked
R032,I183,0,4,10,neutral
R032,I047,1,2,10,neutral
R032,I179,2,4,10,neutral
R032,I024,5,0,10,liked
R032,I039,0,2,10,neutral
R032,I061,7,1,10,liked
R032,I193,0,1,10,liked
R032,I106,6,2,10,neutral
R032,I125,7,0,10,liked
R032,I187,0,3,10,liked
R032,I062,3,1,10,disliked
R032,I077,5,1,10,neutral
R032,I131,2,2,10,neutral
R032,I184,6,1,10,liked
R032,I088,6,0,10,disliked
R032,I065,0,0,10,disliked
R032,I058,3,4,10,neutral
R032,I070,,,10,chosen
R033,I128,1,0,6,neutral
R033,I066,5,1,6,liked
R033,I084,8,1,6,unseen
R033,I005,9,2,6,unseen
R033,I033,9,4,6,unseen
R033,I169,1,2,6,neutral
R033,I007,3,1,6,neutral
R033,I132,5,3,6,liked
R033,I030,6,4,6,unseen
R033,I150,2,2,6,liked
R033,I069,3,0,6,liked
R033,I037,6,1,6,unseen
R033,I120,8,2,6,unseen
R033,I108,0,3,6,liked
R033,I086,7,0,6,unseen
R033,I197,4,2,6,liked
R033,I168,2,3,6,neutral
R033,I055,8,3,6,unseen
R033,I025,8,0,6,unseen
R033,I131,0,2,6,neutral
R033,I126,2,0,6,liked
R033,I049,2,4,6,liked
R033,I013,4,0,6,neutral
R033,I044,5,4,6,neutral
R033,I149,8,4,6,unseen
R033,I184,6,2,6,unseen
R033,I046,7,2,6,unseen
R033,I048,7,4,6,unseen
R033,I157,6,3,6,unseen
R033,I190,4,3,6,disliked
R033,I109,6,0,6,unseen
R033,I039,0,4,6,neutral
R033,I056,1,4,6,neutral
R033,I133,9,3,6,unseen
R033,I035,9,0,6,unseen
R033,I068,2,1,6,neutral
R033,I076,5,2,6,liked
R033,I121,1,1,6,neutral
R033,I002,0,1,6,neutral
R033,I032,3,4,6,liked
R033,I181,7,3,6,unseen
R033,I072,4,1,6,neutral
R033,I138,5,0,6,neutral
R033,I102,3,2,6,liked
R033,I143,9,1,6,unseen
R033,I177,3,3,6,liked
R033,I114,1,3,6,liked
R033,I080,7,1,6,unseen
R033,I123,0,0,6,neutral
R033,I178,4,4,6,liked
R033,I150,,,6,chosen
R034,I130,4,3,7,neutral
R034,I003,9,4,7,unseen
R034,I108,6,3,7,liked
R034,I188,3,3,7,liked
R034,I149,1,0,7,neutral
R034,I054,1,2,7,liked
R034,I036,8,4,7,unseen
R034,I095,6,1,7,neutral
R034,I150,5,4,7,liked
R034,I088,9,3,7,unseen
R034,I194,6,2,7,disliked
R034,I138,9,0,7,unseen
R034,I161,9,1,7,unseen
R034,I006,5,2,7,disliked
R034,I142,3,4,7,neutral
R034,I090,5,3,7,liked
R034,I140,3,2,7,liked
R034,I043,0,2,7,neutral
R034,I051,3,0,7,neutral
R034,I170,5,0,7,liked
R034,I181,6,0,7,neutral
R034,I061,0,0,7,neutral
R034,I117,1,1,7,liked
R034,I180,4,4,7,liked
R034,I136,4,0,7,liked
R034,I055,8,1,7,unseen
R034,I198,4,2,7,liked
R034,I158,2,2,7,liked
R034,I071,8,0,7,unseen
R034,I013,9,2,7,unseen
R034,I103,7,1,7,unseen
R034,I192,7,4,7,unseen
R034,I080,7,3,7,unseen
R034,I172,2,1,7,neutral
R034,I068,3,1,7,neutral
R034,I072,7,0,7,unseen
R034,I019,2,0,7,neutral
R034,I173,6,4,7,disliked
R034,I065,7,2,7,unseen
R034,I182,0,1,7,liked
R034,I177,0,4,7,disliked
R034,I097,4,1,7,liked
R034,I118,1,3,7,disliked
R034,I110,2,4,7,liked
R034,I017,2,3,7,neutral
R034,I030,5,1,7,liked
R034,I007,8,3,7,unseen
R034,I189,8,2,7,unseen
R034,I056,0,3,7,liked
R034,I165,1,4,7,disliked
R034,I180,,,7,chosen
R035,I147,1,0,8,liked
R035,I110,1,2,8,liked
R035,I195,2,4,8,liked
R035,I128,0,0,8,neutral
R035,I099,7,2,8,liked
R035,I160,7,1,8,liked
R035,I021,0,4,8,neutral
R035,I184,0,2,8,disliked
R035,I055,6,3,8,liked
R035,I129,8,0,8,unseen
R035,I153,3,2,8,liked
R035,I197,3,0,8,liked
R035,I119,4,0,8,liked
R035,I185,0,3,8,disliked
R035,I034,5,1,8,disliked
R035,I180,8,2,8,unseen
R035,I154,5,2,8,neutral
R035,I144,4,4,8,liked
R035,I048,0,1,8,disliked
R035,I130,2,3,8,liked
R035,I009,9,3,8,unseen
R035,I166,9,0,8,unseen
R035,I004,2,0,8,liked
R035,I107,9,2,8,unseen
R035,I066,6,0,8,disliked
R035,I040,5,3,8,liked
R035,I169,4,3,8,liked
R035,I041,1,1,8,neutral
R035,I020,2,2,8,disliked
R035,I060,4,2,8,neutral
R035,I106,6,4,8,liked
R035,I163,5,4,8,liked
R035,I190,4,1,8,liked
R035,I187,3,1,8,disliked
R035,I044,8,1,8,unseen
R035,I006,7,0,8,disliked
R035,I134,7,3,8,liked
R035,I181,9,1,8,unseen
R035,I111,6,2,8,disliked
R035,I103,7,4,8,liked
R035,I174,3,3,8,liked
R035,I013,3,4,8,neutral
R035,I121,1,3,8,liked
R035,I170,6,1,8,disliked
R035,I007,8,4,8,unseen
R035,I045,9,4,8,unseen
R035,I071,5,0,8,disliked
R035,I027,8,3,8,unseen
R035,I002,2,1,8,disliked
R035,I188,1,4,8,disliked
R035,I195,,,8,chosen
R036,I058,8,4,7,unseen
R036,I142,1,2,7,liked
R036,I025,0,2,7,neutral
R036,I125,6,0,7,neutral
R036,I167,1,4,7,liked
R036,I014,7,2,7,unseen
R036,I152,5,3,7,liked
R036,I018,2,0,7,disliked
R036,I032,6,1,7,neutral
R036,I176,5,2,7,liked
R036,I060,7,1,7,unseen
R036,I130,9,4,7,unseen
R036,I192,9,0,7,unseen
R036,I066,2,4,7,liked
R036,I193,3,2,7,disliked
R036,I156,9,1,7,unseen
R036,I168,8,3,7,unseen
R036,I182,2,2,7,liked
R036,I034,1,1,7,neutral
R036,I117,3,3,7,disliked
R036,I085,8,2,7,unseen
R036,I029,5,0,7,neutral
R036,I080,5,1,7,neutral
R036,I108,8,1,7,unseen
R036,I123,0,4,7,neutral
R036,I044,7,3,7,unseen
R036,I070,0,0,7,liked
R036,I180,9,3,7,unseen
R036,I098,0,1,7,liked
R036,I019,3,4,7,disliked
R036,I047,8,0,7,unseen
R036,I093,1,3,7,disliked
R036,I186,5,4,7,disliked
R036,I017,4,4,7,neutral
R036,I095,3,0,7,liked
R036,I100,6,4,7,liked
R036,I090,4,1,7,liked
R036,I015,6,2,7,neutral
R036,I114,9,2,7,unseen
R036,I135,4,3,7,neutral
R036,I178,7,0,7,unseen
R036,I030,2,3,7,neutral
R036,I048,3,1,7,liked
R036,I195,1,0,7,liked
R036,I161,4,0,7,neutral
R036,I200,2,1,7,liked
R036,I013,0,3,7,liked
R036,I173,6,3,7,neutral
R036,I137,7,4,7,unseen
R036,I003,4,2,7,neutral
R036,I066,,,7,chosen
R037,I067,8,0,7,unseen
R037,I151,8,1,7,unseen
R037,I198,3,2,7,disliked
R037,I166,0,1,7,liked
R037,I008,1,0,7,liked
R037,I153,2,3,7,liked
R037,I181,6,4,7,liked
R037,I155,3,1,7,disliked
R037,I098,9,1,7,unseen
R037,I081,1,3,7,liked
R037,I152,4,0,7,neutral
R037,I161,5,1,7,neutral
R037,I052,1,2,7,liked
R037,I006,9,3,7,unseen
R037,I120,5,3,7,neutral
R037,I032,4,3,7,disliked
R037,I171,5,0,7,neutral
R037,I013,9,2,7,unseen
R037,I186,2,1,7,disliked
R037,I124,9,0,7,unseen
R037,I164,1,4,7,neutral
R037,I173,2,4,7,neutral
R037,I029,7,2,7,unseen
R037,I084,3,0,7,neutral
R037,I194,2,2,7,disliked
R037,I020,6,2,7,neutral
R037,I083,4,1,7,disliked
R037,I021,0,0,7,neutral
R037,I090,0,2,7,liked
R037,I102,9,4,7,unseen
R037,I193,0,4,7,disliked
R037,I026,5,2,7,liked
R037,I096,2,0,7,liked
R037,I192,8,4,7,unseen
R037,I142,7,3,7,unseen
R037,I047,6,1,7,liked
R037,I088,7,1,7,unseen
R037,I099,6,3,7,neutral
R037,I176,4,4,7,liked
R037,I148,1,1,7,disliked
R037,I023,4,2,7,liked
R037,I174,8,2,7,unseen
R037,I049,7,0,7,unseen
R037,I134,6,0,7,liked
R037,I157,3,4,7,neutral
R037,I199,0,3,7,liked
R037,I056,7,4,7,unseen
R037,I028,5,4,7,liked
R037,I079,3,3,7,disliked
R037,I045,8,3,7,unseen
R037,I096,,,7,chosen
R038,I184,1,0,8,neutral
R038,I123,1,4,8,disliked
R038,I066,8,1,8,unseen
R038,I200,9,2,8,unseen
R038,I083,0,1,8,liked
R038,I178,8,2,8,unseen
R038,I056,8,4,8,unseen
R038,I153,6,1,8,liked
R038,I069,4,0,8,neutral
R038,I002,9,4,8,unseen
R038,I024,3,2,8,liked
R038,I070,8,0,8,unseen
R038,I103,7,2,8,disliked
R038,I163,9,1,8,unseen
R038,I064,0,4,8,neutral
R038,I162,4,3,8,disliked
R038,I179,4,2,8,disliked
R038,I159,9,0,8,unseen
R038,I180,6,2,8,neutral
R038,I015,5,2,8,liked
R038,I197,3,1,8,liked
R038,I010,2,3,8,neutral
R038,I043,7,0,8,liked
R038,I126,9,3,8,unseen
R038,I026,5,3,8,disliked
R038,I040,4,4,8,neutral
R038,I048,2,1,8,disliked
R038,I136,3,0,8,liked
R038,I147,0,3,8,disliked
R038,I125,6,0,8,neutral
R038,I005,6,3,8,neutral
R038,I115,5,4,8,neutral
R038,I187,2,2,8,neutral
R038,I188,1,1,8,liked
R038,I020,1,2,8,liked
R038,I134,7,1,8,liked
R038,I144,0,0,8,neutral
R038,I135,8,3,8,unseen
R038,I076,1,3,8,liked
R038,I148,2,0,8,neutral
R038,I031,2,4,8,disliked
R038,I042,3,4,8,disliked
R038,I157,5,0,8,neutral
R038,I185,5,1,8,neutral
R038,I196,0,2,8,liked
R038,I003,7,4,8,neutral
R038,I119,4,1,8,neutral
R038,I198,7,3,8,neutral
R038,I195,6,4,8,disliked
R038,I170,3,3,8,liked
R038,I020,,,8,chosen
R039,I037,2,0,8,disliked
R039,I115,7,3,8,liked
R039,I018,7,0,8,liked
R039,I039,9,3,8,unseen
R039,I067,6,2,8,disliked
R039,I025,3,1,8,disliked
R039,I046,2,1,8,neutral
R039,I060,4,2,8,liked
R039,I007,1,3,8,liked
R039,I112,4,1,8,disliked
R039,I110,0,0,8,disliked
R039,I062,9,2,8,unseen
R039,I065,0,3,8,liked
R039,I069,3,3,8,liked
R039,I150,4,0,8,disliked
R039,I026,2,2,8,neutral
R039,I006,1,0,8,disliked
R039,I013,8,2,8,unseen
R039,I081,5,4,8,disliked
R039,I191,9,4,8,unseen
R039,I162,5,1,8,disliked
R039,I119,1,1,8,neutral
R039,I168,4,3,8,neutral
R039,I157,1,2,8,liked
R039,I152,6,0,8,liked
R039,I044,2,3,8,neutral
R039,I042,8,3,8,unseen
R039,I183,5,2,8,disliked
R039,I082,1,4,8,disliked
R039,I086,0,1,8,neutral
R039,I080,9,0,8,unseen
R039,I146,3,0,8,liked
R039,I045,7,4,8,disliked
R039,I093,7,2,8,liked
R039,I076,9,1,8,unseen
R039,I091,8,4,8,unseen
R039,I117,2,4,8,neutral
R039,I100,7,1,8,liked
R039,I066,6,3,8,disliked
R039,I123,6,4,8,liked
R039,I075,3,2,8,disliked
R039,I035,5,0,8,neutral
R039,I085,4,4,8,neutral
R039,I174,6,1,8,neutral
R039,I114,8,1,8,unseen
R039,I048,8,0,8,unseen
R039,I089,0,4,8,neutral
R039,I029,5,3,8,neutral
R039,I050,0,2,8,liked
R039,I028,3,4,8,neutral
R039,I115,,,8,chosen
R040,I067,1,1,5,liked
R040,I070,2,4,5,neutral
R040,I082,8,1,5,unseen
R040,I163,6,3,5,unseen
R040,I064,6,1,5,unseen
R040,I091,0,2,5,liked
R040,I104,2,3,5,liked
R040,I065,7,2,5,unseen
R040,I188,1,4,5,disliked
R040,I019,1,3,5,neutral
R040,I001,2,2,5,liked
R040,I187,3,0,5,liked
R040,I088,3,2,5,liked
R040,I002,3,4,5,liked
R040,I127,0,3,5,neutral
R040,I126,6,0,5,unseen
R040,I199,9,3,5,unseen
R040,I024,6,2,5,unseen
R040,I109,1,0,5,liked
R040,I087,8,4,5,unseen
R040,I074,7,1,5,unseen
R040,I014,4,1,5,liked
R040,I151,5,3,5,unseen
R040,I010,7,4,5,unseen
R040,I031,8,0,5,unseen
R040,I149,3,1,5,liked
R040,I025,0,0,5,disliked
R040,I044,5,0,5,unseen
R040,I034,3,3,5,liked
R040,I137,6,4,5,unseen
R040,I102,9,0,5,unseen
R040,I170,4,3,5,liked
R040,I159,0,1,5,disliked
R040,I017,8,3,5,unseen
R040,I152,7,0,5,unseen
R040,I078,4,2,5,liked
R040,I090,7,3,5,unseen
R040,I028,4,0,5,liked
R040,I049,5,1,5,unseen
R040,I063,9,2,5,unseen
R040,I154,2,0,5,neutral
R040,I048,5,4,5,unseen
R040,I081,5,2,5,unseen
R040,I005,9,1,5,unseen
R040,I047,9,4,5,unseen
R040,I083,2,1,5,liked
R040,I093,1,2,5,liked
R040,I072,8,2,5,unseen
R040,I011,4,4,5,disliked
R040,I039,0,4,5,disliked
R040,I083,,,5,chosen
R041,I200,9,3,9,unseen
R041,I044,0,2,9,disliked
R041,I032,6,4,9,disliked
R041,I090,7,1,9,liked
R041,I175,0,1,9,neutral
R041,I147,5,0,9,disliked
R041,I137,3,2,9,liked
R041,I112,1,1,9,neutral
R041,I198,1,0,9,liked
R041,I063,0,0,9,neutral
R041,I066,5,3,9,disliked
R041,I192,9,1,9,unseen
R041,I123,4,1,9,neutral
R041,I065,4,2,9,liked
R041,I146,1,3,9,liked
R041,I111,3,4,9,neutral
R041,I068,1,2,9,neutral
R041,I116,8,1,9,liked
R041,I150,1,4,9,liked
R041,I133,2,2,9,liked
R041,I015,4,0,9,liked
R041,I122,7,4,9,liked
R041,I061,0,3,9,liked
R041,I153,6,2,9,liked
R041,I001,3,3,9,liked
R041,I053,3,0,9,liked
R041,I049,7,3,9,liked
R041,I144,8,2,9,liked
R041,I184,2,1,9,disliked
R041,I027,5,2,9,liked
R041,I082,9,4,9,unseen
R041,I190,5,4,9,liked
R041,I120,2,3,9,neutral
R041,I173,7,0,9,liked
R041,I199,6,1,9,liked
R041,I043,2,4,9,liked
R041,I051,3,1,9,disliked
R041,I023,4,3,9,neutral
R041,I035,8,3,9,neutral
R041,I008,7,2,9,liked
R041,I179,8,0,9,neutral
R041,I094,2,0,9,neutral
R041,I169,0,4,9,liked
R041,I107,5,1,9,liked
R041,I062,6,0,9,neutral
R041,I129,6,3,9,neutral
R041,I154,8,4,9,liked
R041,I125,4,4,9,liked
R041,I048,9,2,9,unseen
R041,I009,9,0,9,unseen
R041,I190,,,9,chosen
R042,I048,7,3,10,liked
R042,I064,4,2,10,neutral
R042,I079,7,1,10,liked
R042,I026,2,2,10,neutral
R042,I124,8,4,10,liked
R042,I187,4,0,10,disliked
R042,I041,9,4,10,liked
R042,I130,9,1,10,disliked
R042,I176,3,1,10,disliked
R042,I178,6,0,10,liked
R042,I156,2,0,10,liked
R042,I110,0,2,10,liked
R042,I153,5,1,10,neutral
R042,I164,8,0,10,disliked
R042,I027,6,1,10,liked
R042,I131,3,3,10,neutral
R042,I173,1,4,10,neutral
R042,I169,9,3,10,liked
R042,I067,7,4,10,disliked
R042,I194,0,0,10,neutral
R042,I047,8,3,10,neutral
R042,I132,4,4,10,liked
R042,I102,6,3,10,liked
R042,I038,8,1,10,liked
R042,I182,2,1,10,neutral
R042,I084,0,1,10,neutral
R042,I098,9,2,10,liked
R042,I002,1,0,10,neutral
R042,I167,4,3,10,disliked
R042,I056,7,2,10,neutral
R042,I018,5,4,10,disliked
R042,I151,5,2,10,disliked
R042,I019,4,1,10,liked
R042,I062,6,2,10,liked
R042,I059,7,0,10,neutral
R042,I171,1,2,10,neutral
R042,I147,3,4,10,neutral
R042,I021,1,1,10,disliked
R042,I037,0,4,10,liked
R042,I008,2,4,10,neutral
R042,I109,6,4,10,liked
R042,I188,9,0,10,liked
R042,I184,3,2,10,neutral
R042,I152,2,3,10,liked
R042,I072,1,3,10,neutral
R042,I126,0,3,10,liked
R042,I009,3,0,10,neutral
R042,I199,5,0,10,liked
R042,I083,8,2,10,liked
R042,I020,5,3,10,liked
R042,I109,,,10,chosen
R043,I109,1,0,10,neutral
R043,I158,5,0,10,liked
R043,I141,1,2,10,neutral
R043,I064,1,3,10,neutral
R043,I089,5,3,10,neutral
R043,I143,5,1,10,neutral
R043,I070,7,0,10,liked
R043,I133,6,1,10,liked
R043,I023,2,0,10,liked
R043,I068,3,3,10,neutral
R043,I018,0,2,10,liked
R043,I196,6,2,10,liked
R043,I025,4,2,10,neutral
R043,I171,8,3,10,neutral
R043,I036,3,4,10,neutral
R043,I135,8,1,10,neutral
R043,I193,1,1,10,neutral
R043,I009,9,1,10,liked
R043,I182,4,4,10,liked
R043,I093,8,0,10,neutral
R043,I168,6,3,10,disliked
R043,I116,9,2,10,disliked
R043,I122,9,0,10,neutral
R043,I198,5,4,10,liked
R043,I131,8,4,10,disliked
R043,I119,0,4,10,liked
R043,I037,9,3,10,neutral
R043,I099,3,1,10,disliked
R043,I147,2,4,10,liked
R043,I003,4,1,10,neutral
R043,I026,0,0,10,liked
R043,I104,5,2,10,liked
R043,I050,4,3,10,liked
R043,I190,6,4,10,liked
R043,I096,7,1,10,liked
R043,I005,6,0,10,neutral
R043,I095,8,2,10,liked
R043,I161,7,3,10,disliked
R043,I102,1,4,10,liked
R043,I094,0,3,10,neutral
R043,I087,7,2,10,neutral
R043,I061,0,1,10,liked
R043,I140,4,0,10,neutral
R043,I031,2,2,10,neutral
R043,I062,2,1,10,liked
R043,I184,7,4,10,disliked
R043,I155,2,3,10,neutral
R043,I039,3,0,10,neutral
R043,I191,3,2,10,liked
R043,I101,9,4,10,liked
R043,I133,,,10,chosen
R044,I155,7,4,6,unseen
R044,I147,0,4,6,disliked
R044,I034,9,2,6,unseen
R044,I130,0,2,6,disliked
R044,I169,6,3,6,unseen
R044,I087,7,3,6,unseen
R044,I036,5,0,6,liked
R044,I198,8,0,6,unseen
R044,I001,6,4,6,unseen
R044,I141,8,2,6,unseen
R044,I163,0,3,6,neutral
R044,I124,1,1,6,neutral
R044,I081,1,3,6,disliked
R044,I192,0,1,6,liked
R044,I109,3,1,6,neutral
R044,I156,9,1,6,unseen
R044,I194,1,4,6,liked
R044,I052,5,2,6,liked
R044,I140,8,1,6,unseen
R044,I006,6,2,6,unseen
R044,I097,7,2,6,unseen
R044,I112,2,4,6,neutral
R044,I161,0,0,6,disliked
R044,I049,6,0,6,unseen
R044,I136,7,1,6,unseen
R044,I082,2,1,6,liked
R044,I088,4,1,6,liked
R044,I053,3,2,6,disliked
R044,I020,7,0,6,unseen
R044,I106,4,0,6,neutral
R044,I114,9,0,6,unseen
R044,I035,8,4,6,unseen
R044,I118,3,4,6,neutral
R044,I021,6,1,6,unseen
R044,I093,1,0,6,neutral
R044,I031,4,4,6,disliked
R044,I138,4,2,6,neutral
R044,I022,1,2,6,disliked
R044,I179,5,3,6,disliked
R044,I095,9,4,6,unseen
R044,I102,2,3,6,disliked
R044,I018,5,4,6,neutral
R044,I172,8,3,6,unseen
R044,I196,5,1,6,liked
R044,I182,3,3,6,liked
R044,I019,2,0,6,neutral
R044,I069,4,3,6,neutral
R044,I176,9,3,6,unseen
R044,I014,2,2,6,liked
R044,I090,3,0,6,liked
R044,I192,,,6,chosen
R045,I153,5,0,6,neutral
R045,I141,8,3,6,unseen
R045,I171,9,0,6,unseen
R045,I174,6,0,6,unseen
R045,I110,8,1,6,unseen
R045,I105,9,3,6,unseen
R045,I193,4,2,6,neutral
R045,I148,4,1,6,liked
R045,I033,9,4,6,unseen
R045,I034,2,2,6,neutral
R045,I147,0,4,6,neutral
R045,I176,0,2,6,liked
R045,I173,1,2,6,neutral
R045,I084,5,4,6,liked
R045,I183,3,4,6,liked
R045,I156,9,1,6,unseen
R045,I143,5,2,6,disliked
R045,I071,0,3,6,liked
R045,I075,1,1,6,neutral
R045,I191,9,2,6,unseen
R045,I009,3,3,6,liked
R045,I097,1,0,6,disliked
R045,I135,2,1,6,neutral
R045,I167,1,3,6,liked
R045,I088,3,2,6,disliked
R045,I044,6,3,6,unseen
R045,I045,3,0,6,neutral
R045,I158,4,3,6,disliked
R045,I015,2,4,6,disliked
R045,I060,0,1,6,liked
R045,I102,2,0,6,liked
R045,I181,5,3,6,neutral
R045,I108,8,0,6,unseen
R045,I136,7,3,6,unseen
R045,I036,2,3,6,disliked
R045,I013,4,0,6,neutral
R045,I029,1,4,6,neutral
R045,I025,7,4,6,unseen
R045,I162,0,0,6,neutral
R045,I020,6,1,6,unseen
R045,I022,7,0,6,unseen
R045,I124,4,4,6,liked
R045,I170,8,2,6,unseen
R045,I006,6,2,6,unseen
R045,I190,8,4,6,unseen
R045,I163,6,4,6,unseen
R045,I074,5,1,6,neutral
R045,I041,7,1,6,unseen
R045,I104,7,2,6,unseen
R045,I134,3,1,6,liked
R045,I060,,,6,chosen
R046,I066,3,4,4,liked
R046,I192,5,4,4,unseen
R046,I082,9,2,4,unseen
R046,I033,3,3,4,liked
R046,I031,0,1,4,neutral
R046,I138,2,2,4,disliked
R046,I004,4,3,4,unseen
R046,I157,1,1,4,disliked
R046,I170,0,0,4,disliked
R046,I119,3,2,4,neutral
R046,I055,2,3,4,liked
R046,I180,0,3,4,disliked
R046,I154,1,2,4,neutral
R046,I115,9,3,4,unseen
R046,I009,3,1,4,disliked
R046,I179,6,4,4,unseen
R046,I020,4,4,4,unseen
R046,I111,6,1,4,unseen
R046,I011,8,4,4,unseen
R046,I083,4,2,4,unseen
R046,I054,4,0,4,unseen
R046,I130,8,0,4,unseen
R046,I165,8,3,4,unseen
R046,I092,1,0,4,neutral
R046,I169,5,1,4,unseen
R046,I124,5,0,4,unseen
R046,I147,7,4,4,unseen
R046,I037,9,0,4,unseen
R046,I095,5,3,4,unseen
R046,I123,0,2,4,liked
R046,I199,2,4,4,liked
R046,I109,7,1,4,unseen
R046,I072,9,1,4,unseen
R046,I090,8,2,4,unseen
R046,I135,6,3,4,unseen
R046,I014,1,4,4,disliked
R046,I200,2,0,4,liked
R046,I108,5,2,4,unseen
R046,I164,7,3,4,unseen
R046,I160,6,2,4,unseen
R046,I045,2,1,4,neutral
R046,I106,7,2,4,unseen
R046,I129,3,0,4,neutral
R046,I049,4,1,4,unseen
R046,I175,7,0,4,unseen
R046,I183,1,3,4,liked
R046,I103,8,1,4,unseen
R046,I122,9,4,4,unseen
R046,I059,6,0,4,unseen
R046,I134,0,4,4,neutral
R046,I055,,,4,chosen
R047,I139,7,4,10,liked
R047,I081,8,0,10,neutral
R047,I009,9,3,10,liked
R047,I131,5,2,10,disliked
R047,I121,3,0,10,liked
R047,I110,2,3,10,liked
R047,I066,6,0,10,liked
R047,I125,6,2,10,disliked
R047,I026,9,1,10,liked
R047,I198,4,3,10,neutral
R047,I153,5,1,10,neutral
R047,I177,0,4,10,neutral
R047,I083,9,2,10,liked
R047,I043,3,2,10,liked
R047,I041,8,4,10,liked
R047,I098,4,0,10,neutral
R047,I128,0,0,10,neutral
R047,I063,8,3,10,liked
R047,I014,4,2,10,liked
R047,I132,2,0,10,neutral
R047,I129,8,1,10,neutral
R047,I180,2,4,10,liked
R047,I097,0,2,10,disliked
R047,I002,1,4,10,disliked
R047,I175,7,0,10,disliked
R047,I196,4,1,10,liked
R047,I038,8,2,10,liked
R047,I012,7,3,10,disliked
R047,I155,7,1,10,neutral
R047,I010,0,3,10,liked
R047,I088,4,4,10,disliked
R047,I190,1,0,10,neutral
R047,I076,6,4,10,disliked
R047,I039,1,3,10,disliked
R047,I047,0,1,10,neutral
R047,I036,2,2,10,liked
R047,I199,6,3,10,liked
R047,I011,5,3,10,liked
R047,I077,3,4,10,neutral
R047,I159,9,4,10,liked
R047,I030,9,0,10,liked
R047,I032,3,3,10,neutral
R047,I122,3,1,10,disliked
R047,I124,1,2,10,disliked
R047,I052,5,0,10,liked
R047,I105,2,1,10,liked
R047,I146,6,1,10,disliked
R047,I062,5,4,10,disliked
R047,I072,1,1,10,neutral
R047,I060,7,2,10,neutral
R047,I030,,,10,chosen
R048,I063,0,2,5,liked
R048,I125,0,0,5,liked
R048,I133,9,3,5,unseen
R048,I124,4,2,5,disliked
R048,I086,4,4,5,liked
R048,I094,2,0,5,neutral
R048,I156,9,1,5,unseen
R048,I010,5,0,5,unseen
R048,I011,8,0,5,unseen
R048,I198,1,1,5,neutral
R048,I032,4,0,5,disliked
R048,I020,9,0,5,unseen
R048,I009,6,0,5,unseen
R048,I003,6,4,5,unseen
R048,I085,0,4,5,neutral
R048,I091,8,1,5,unseen
R048,I166,3,1,5,liked
R048,I105,1,4,5,liked
R048,I179,7,1,5,unseen
R048,I064,3,4,5,neutral
R048,I171,9,4,5,unseen
R048,I102,0,3,5,disliked
R048,I049,0,1,5,liked
R048,I193,7,0,5,unseen
R048,I068,1,3,5,neutral
R048,I141,5,4,5,unseen
R048,I039,7,2,5,unseen
R048,I137,9,2,5,unseen
R048,I088,5,2,5,unseen
R048,I067,3,2,5,disliked
R048,I129,6,3,5,unseen
R048,I157,6,1,5,unseen
R048,I038,3,3,5,liked
R048,I035,8,2,5,unseen
R048,I015,1,0,5,neutral
R048,I148,8,4,5,unseen
R048,I092,4,3,5,liked
R048,I138,7,3,5,unseen
R048,I103,3,0,5,neutral
R048,I132,4,1,5,disliked
R048,I004,8,3,5,unseen
R048,I178,5,3,5,unseen
R048,I176,2,3,5,neutral
R048,I200,6,2,5,unseen
R048,I182,2,2,5,liked
R048,I098,5,1,5,unseen
R048,I013,2,4,5,neutral
R048,I145,1,2,5,liked
R048,I152,7,4,5,unseen
R048,I045,2,1,5,liked
R048,I105,,,5,chosen
R049,I006,3,2,7,liked
R049,I169,0,3,7,disliked
R049,I121,6,2,7,neutral
R049,I052,8,0,7,unseen
R049,I168,2,4,7,neutral
R049,I044,0,4,7,neutral
R049,I133,3,1,7,disliked
R049,I084,9,3,7,unseen
R049,I137,7,3,7,unseen
R049,I162,6,4,7,disliked
R049,I009,6,0,7,liked
R049,I172,8,1,7,unseen
R049,I076,7,0,7,unseen
R049,I056,6,1,7,liked
R049,I136,4,2,7,neutral
R049,I014,4,4,7,liked
R049,I098,6,3,7,liked
R049,I091,0,2,7,liked
R049,I190,3,0,7,neutral
R049,I112,5,0,7,neutral
R049,I166,2,3,7,liked
R049,I015,5,4,7,neutral
R049,I010,4,3,7,liked
R049,I096,1,1,7,liked
R049,I139,1,2,7,disliked
R049,I035,7,1,7,unseen
R049,I105,7,4,7,unseen
R049,I181,2,2,7,disliked
R049,I024,8,4,7,unseen
R049,I130,5,3,7,neutral
R049,I097,1,4,7,liked
R049,I117,2,1,7,neutral
R049,I134,3,3,7,liked
R049,I123,9,2,7,unseen
R049,I023,7,2,7,unseen
R049,I045,2,0,7,liked
R049,I142,9,1,7,unseen
R049,I017,9,0,7,unseen
R049,I094,9,4,7,unseen
R049,I179,5,2,7,neutral
R049,I099,4,0,7,neutral
R049,I078,5,1,7,disliked
R049,I196,1,0,7,liked
R049,I186,8,3,7,unseen
R049,I154,4,1,7,disliked
R049,I090,3,4,7,liked
R049,I029,0,1,7,disliked
R049,I160,1,3,7,liked
R049,I074,8,2,7,unseen
R049,I192,0,0,7,liked
R049,I014,,,7,chosen
R050,I095,9,0,8,unseen
R050,I058,0,3,8,disliked
R050,I040,7,3,8,disliked
R050,I102,2,3,8,liked
R050,I035,8,2,8,unseen
R050,I081,6,2,8,neutral
R050,I100,2,1,8,liked
R050,I147,3,1,8,liked
R050,I123,9,4,8,unseen
R050,I196,2,2,8,disliked
R050,I159,5,1,8,disliked
R050,I066,1,3,8,neutral
R050,I118,7,2,8,neutral
R050,I129,6,4,8,neutral
R050,I149,8,1,8,unseen
R050,I169,7,4,8,liked
R050,I076,5,2,8,neutral
R050,I185,3,4,8,neutral
R050,I026,0,0,8,liked
R050,I141,3,0,8,disliked
R050,I164,3,3,8,liked
R050,I067,7,1,8,disliked
R050,I090,8,3,8,unseen
R050,I179,0,2,8,disliked
R050,I041,9,1,8,unseen
R050,I043,6,0,8,neutral
R050,I199,8,4,8,unseen
R050,I190,9,2,8,unseen
R050,I028,1,0,8,liked
R050,I083,4,1,8,neutral
R050,I143,1,1,8,neutral
R050,I065,7,0,8,liked
R050,I106,1,2,8,neutral
R050,I111,6,3,8,disliked
R050,I140,5,0,8,liked
R050,I060,9,3,8,unseen
R050,I107,5,4,8,disliked
R050,I085,0,4,8,liked
R050,I070,4,3,8,neutral
R050,I020,4,0,8,liked
R050,I050,4,2,8,liked
R050,I093,0,1,8,disliked
R050,I128,6,1,8,neutral
R050,I138,2,4,8,disliked
R050,I063,3,2,8,neutral
R050,I033,8,0,8,unseen
R050,I136,2,0,8,disliked
R050,I078,5,3,8,disliked
R050,I052,4,4,8,disliked
R050,I016,1,4,8,disliked
R050,I085,,,8,chosen
R051,I020,4,0,9,neutral
R051,I198,9,3,9,unseen
R051,I159,3,4,9,neutral
R051,I124,3,2,9,liked
R051,I008,3,1,9,neutral
R051,I028,2,4,9,disliked
R051,I059,2,1,9,disliked
R051,I194,8,4,9,neutral
R051,I010,0,4,9,neutral
R051,I171,7,4,9,neutral
R051,I092,4,4,9,disliked
R051,I002,3,0,9,neutral
R051,I131,3,3,9,liked
R051,I153,0,1,9,neutral
R051,I031,8,1,9,neutral
R051,I120,9,0,9,unseen
R051,I105,8,3,9,disliked
R051,I027,4,1,9,liked
R051,I187,2,2,9,liked
R051,I147,8,2,9,neutral
R051,I009,0,0,9,neutral
R051,I074,2,3,9,disliked
R051,I097,7,1,9,disliked
R051,I034,6,1,9,liked
R051,I095,1,2,9,liked
R051,I174,5,2,9,disliked
R051,I042,8,0,9,neutral
R051,I196,5,3,9,liked
R051,I188,1,3,9,disliked
R051,I023,6,4,9,liked
R051,I083,5,4,9,liked
R051,I041,9,4,9,unseen
R051,I029,9,2,9,unseen
R051,I176,4,2,9,neutral
R051,I003,6,0,9,neutral
R051,I070,6,3,9,neutral
R051,I076,1,1,9,neutral
R051,I160,7,3,9,neutral
R051,I068,9,1,9,unseen
R051,I052,7,0,9,neutral
R051,I154,0,3,9,liked
R051,I058,0,2,9,neutral
R051,I048,1,0,9,liked
R051,I136,5,0,9,liked
R051,I057,7,2,9,liked
R051,I155,1,4,9,neutral
R051,I117,5,1,9,liked
R051,I043,6,2,9,neutral
R051,I055,2,0,9,liked
R051,I157,4,3,9,disliked
R051,I095,,,9,chosen
R052,I092,3,1,4,disliked
R052,I107,3,2,4,liked
R052,I124,9,3,4,unseen
R052,I018,2,2,4,neutral
R052,I190,6,2,4,unseen
R052,I064,2,1,4,disliked
R052,I024,4,3,4,unseen
R052,I050,6,4,4,unseen
R052,I150,1,2,4,liked
R052,I184,8,3,4,unseen
R052,I079,1,4,4,neutral
R052,I014,5,1,4,unseen
R052,I165,8,2,4,unseen
R052,I045,6,0,4,unseen
R052,I197,0,3,4,liked
R052,I011,4,4,4,unseen
R052,I102,5,0,4,unseen
R052,I157,5,4,4,unseen
R052,I004,7,3,4,unseen
R052,I193,1,3,4,neutral
R052,I152,1,1,4,disliked
R052,I046,7,4,4,unseen
R052,I037,7,2,4,unseen
R052,I010,5,2,4,unseen
R052,I155,0,4,4,neutral
R052,I005,4,1,4,unseen
R052,I022,1,0,4,neutral
R052,I002,8,0,4,unseen
R052,I075,2,0,4,liked
R052,I173,7,1,4,unseen
R052,I128,9,4,4,unseen
R052,I096,7,0,4,unseen
R052,I085,3,3,4,disliked
R052,I090,2,3,4,neutral
R052,I147,6,3,4,unseen
R052,I020,2,4,4,liked
R052,I063,4,2,4,unseen
R052,I182,8,4,4,unseen
R052,I161,5,3,4,unseen
R052,I146,0,0,4,disliked
R052,I101,9,1,4,unseen
R052,I076,3,0,4,liked
R052,I188,8,1,4,unseen
R052,I186,9,2,4,unseen
R052,I174,3,4,4,neutral
R052,I178,6,1,4,unseen
R052,I148,9,0,4,unseen
R052,I183,0,1,4,liked
R052,I167,0,2,4,disliked
R052,I038,4,0,4,unseen
R052,I150,,,4,chosen
R053,I157,4,2,9,disliked
R053,I193,6,1,9,liked
R053,I104,6,4,9,liked
R053,I101,5,1,9,liked
R053,I153,0,2,9,liked
R053,I121,5,3,9,neutral
R053,I089,6,3,9,disliked
R053,I031,4,0,9,neutral
R053,I134,2,4,9,liked
R053,I189,0,0,9,liked
R053,I025,7,4,9,neutral
R053,I067,7,0,9,liked
R053,I160,7,3,9,liked
R053,I094,3,4,9,liked
R053,I073,5,4,9,liked
R053,I088,8,4,9,disliked
R053,I161,0,3,9,disliked
R053,I051,7,2,9,neutral
R053,I064,1,0,9,disliked
R053,I115,6,0,9,liked
R053,I181,8,1,9,neutral
R053,I126,1,2,9,liked
R053,I192,2,0,9,neutral
R053,I055,1,3,9,liked
R053,I002,8,0,9,liked
R053,I196,0,1,9,liked
R053,I133,5,2,9,liked
R053,I099,4,1,9,liked
R053,I035,3,0,9,neutral
R053,I190,5,0,9,liked
R053,I149,2,3,9,neutral
R053,I022,1,1,9,liked
R053,I076,0,4,9,liked
R053,I138,2,2,9,neutral
R053,I028,9,2,9,unseen
R053,I109,7,1,9,neutral
R053,I154,4,3,9,liked
R053,I131,2,1,9,liked
R053,I057,4,4,9,disliked
R053,I142,3,1,9,disliked
R053,I163,8,2,9,liked
R053,I111,6,2,9,disliked
R053,I151,9,0,9,unseen
R053,I170,8,3,9,neutral
R053,I027,9,3,9,unseen
R053,I180,3,2,9,disliked
R053,I024,9,1,9,unseen
R053,I185,3,3,9,liked
R053,I037,1,4,9,neutral
R053,I200,9,4,9,unseen
R053,I189,,,9,chosen
R054,I200,5,3,8,disliked
R054,I182,3,2,8,neutral
R054,I007,0,3,8,liked
R054,I134,9,3,8,unseen
R054,I175,9,2,8,unseen
R054,I199,0,0,8,disliked
R054,I027,9,0,8,unseen
R054,I156,9,4,8,unseen
R054,I179,5,0,8,disliked
R054,I099,3,4,8,disliked
R054,I155,9,1,8,unseen
R054,I112,2,2,8,neutral
R054,I137,6,1,8,disliked
R054,I107,2,0,8,liked
R054,I195,7,1,8,liked
R054,I193,4,0,8,disliked
R054,I196,8,3,8,unseen
R054,I104,1,4,8,liked
R054,I017,4,2,8,disliked
R054,I162,3,0,8,liked
R054,I190,6,4,8,disliked
R054,I098,1,3,8,liked
R054,I152,8,4,8,unseen
R054,I121,7,0,8,neutral
R054,I035,6,0,8,liked
R054,I043,1,2,8,neutral
R054,I034,2,3,8,disliked
R054,I094,6,3,8,neutral
R054,I181,7,3,8,disliked
R054,I129,8,0,8,unseen
R054,I093,2,1,8,liked
R054,I041,0,1,8,neutral
R054,I163,4,1,8,disliked
R054,I161,2,4,8,disliked
R054,I157,1,0,8,liked
R054,I039,7,4,8,liked
R054,I110,5,2,8,disliked
R054,I146,0,2,8,liked
R054,I044,5,4,8,liked
R054,I029,3,1,8,neutral
R054,I148,8,2,8,unseen
R054,I036,4,4,8,neutral
R054,I024,0,4,8,liked
R054,I040,1,1,8,neutral
R054,I050,4,3,8,neutral
R054,I081,3,3,8,neutral
R054,I005,7,2,8,disliked
R054,I144,8,1,8,unseen
R054,I013,5,1,8,disliked
R054,I032,6,2,8,disliked
R054,I024,,,8,chosen
R055,I077,1,3,7,neutral
R055,I125,3,4,7,liked
R055,I021,9,1,7,unseen
R055,I089,8,3,7,unseen
R055,I167,8,2,7,unseen
R055,I023,6,4,7,liked
R055,I010,2,2,7,liked
R055,I065,8,0,7,unseen
R055,I049,8,1,7,unseen
R055,I074,6,0,7,neutral
R055,I150,0,4,7,liked
R055,I069,5,1,7,neutral
R055,I002,7,2,7,unseen
R055,I143,5,0,7,neutral
R055,I030,4,2,7,disliked
R055,I184,3,1,7,liked
R055,I130,9,3,7,unseen
R055,I029,6,3,7,neutral
R055,I063,5,2,7,liked
R055,I099,2,3,7,liked
R055,I087,3,3,7,disliked
R055,I106,1,0,7,neutral
R055,I183,2,1,7,neutral
R055,I186,4,3,7,disliked
R055,I141,0,0,7,disliked
R055,I011,2,0,7,liked
R055,I196,7,0,7,unseen
R055,I019,6,1,7,liked
R055,I073,0,3,7,liked
R055,I013,7,3,7,unseen
R055,I080,9,4,7,unseen
R055,I064,4,1,7,neutral
R055,I027,0,2,7,neutral
R055,I182,1,4,7,neutral
R055,I091,6,2,7,liked
R055,I110,7,4,7,unseen
R055,I120,0,1,7,neutral
R055,I007,2,4,7,neutral
R055,I037,3,0,7,disliked
R055,I083,4,0,7,liked
R055,I135,9,2,7,unseen
R055,I101,5,3,7,disliked
R055,I024,3,2,7,disliked
R055,I158,4,4,7,neutral
R055,I131,7,1,7,unseen
R055,I194,5,4,7,neutral
R055,I055,8,4,7,unseen
R055,I128,1,2,7,disliked
R055,I066,9,0,7,unseen
R055,I067,1,1,7,liked
R055,I067,,,7,chosen
R056,I057,9,3,9,unseen
R056,I074,8,1,9,liked
R056,I023,2,1,9,disliked
R056,I180,8,2,9,disliked
R056,I068,7,3,9,neutral
R056,I007,0,1,9,neutral
R056,I013,2,0,9,neutral
R056,I019,3,2,9,neutral
R056,I075,9,1,9,unseen
R056,I048,7,4,9,liked
R056,I193,4,2,9,liked
R056,I106,9,2,9,unseen
R056,I027,7,0,9,disliked
R056,I144,9,0,9,unseen
R056,I114,6,2,9,disliked
R056,I197,3,3,9,liked
R056,I122,7,1,9,neutral
R056,I046,4,4,9,disliked
R056,I086,3,4,9,neutral
R056,I191,0,3,9,liked
R056,I004,5,2,9,liked
R056,I103,1,1,9,neutral
R056,I012,8,0,9,disliked
R056,I131,4,3,9,liked
R056,I126,3,1,9,liked
R056,I172,0,0,9,neutral
R056,I061,8,3,9,liked
R056,I079,6,1,9,liked
R056,I038,6,3,9,liked
R056,I178,4,1,9,neutral
R056,I168,2,3,9,disliked
R056,I053,0,2,9,neutral
R056,I160,1,4,9,liked
R056,I141,5,0,9,liked
R056,I177,5,4,9,neutral
R056,I024,9,4,9,unseen
R056,I093,8,4,9,disliked
R056,I164,5,1,9,neutral
R056,I194,1,2,9,liked
R056,I145,6,4,9,liked
R056,I092,6,0,9,disliked
R056,I084,7,2,9,neutral
R056,I005,0,4,9,neutral
R056,I151,2,4,9,neutral
R056,I120,1,0,9,neutral
R056,I033,5,3,9,neutral
R056,I051,1,3,9,liked
R056,I094,2,2,9,neutral
R056,I002,3,0,9,neutral
R056,I099,4,0,9,neutral
R056,I051,,,9,chosen
R057,I053,2,0,8,disliked
R057,I181,1,3,8,liked
R057,I060,3,0,8,liked
R057,I118,2,2,8,neutral
R057,I190,9,2,8,unseen
R057,I009,8,4,8,unseen
R057,I065,4,4,8,neutral
R057,I172,4,1,8,neutral
R057,I061,7,1,8,liked
R057,I070,6,3,8,liked
R057,I067,5,2,8,liked
R057,I050,1,4,8,liked
R057,I156,0,2,8,neutral
R057,I179,0,1,8,disliked
R057,I084,0,0,8,disliked
R057,I011,8,3,8,unseen
R057,I102,6,1,8,liked
R057,I182,3,4,8,liked
R057,I150,1,1,8,disliked
R057,I131,5,4,8,liked
R057,I016,6,2,8,liked
R057,I191,9,3,8,unseen
R057,I090,9,4,8,unseen
R057,I169,6,4,8,liked
R057,I154,1,2,8,neutral
R057,I042,7,0,8,liked
R057,I018,6,0,8,neutral
R057,I199,4,0,8,liked
R057,I198,2,4,8,neutral
R057,I180,4,2,8,neutral
R057,I022,5,3,8,neutral
R057,I157,2,1,8,neutral
R057,I040,7,2,8,neutral
R057,I082,7,4,8,liked
R057,I170,3,3,8,liked
R057,I193,7,3,8,disliked
R057,I031,8,1,8,unseen
R057,I146,3,1,8,liked
R057,I041,9,1,8,unseen
R057,I140,2,3,8,liked
R057,I112,0,4,8,neutral
R057,I151,8,0,8,unseen
R057,I171,4,3,8,neutral
R057,I178,0,3,8,liked
R057,I098,9,0,8,unseen
R057,I132,3,2,8,liked
R057,I136,5,0,8,disliked
R057,I128,8,2,8,unseen
R057,I121,5,1,8,neutral
R057,I177,1,0,8,neutral
R057,I102,,,8,chosen
R058,I174,9,4,6,unseen
R058,I049,5,1,6,neutral
R058,I082,4,4,6,disliked
R058,I068,1,4,6,neutral
R058,I047,5,2,6,disliked
R058,I113,9,0,6,unseen
R058,I160,4,3,6,neutral
R058,I155,3,4,6,neutral
R058,I126,5,0,6,liked
R058,I059,1,3,6,liked
R058,I087,6,0,6,unseen
R058,I131,3,3,6,neutral
R058,I167,3,2,6,disliked
R058,I182,7,4,6,unseen
R058,I002,2,2,6,neutral
R058,I136,2,0,6,neutral
R058,I115,1,1,6,disliked
R058,I012,9,1,6,unseen
R058,I035,1,2,6,disliked
R058,I097,1,0,6,neutral
R058,I023,0,4,6,liked
R058,I200,2,3,6,disliked
R058,I192,9,3,6,unseen
R058,I062,0,2,6,liked
R058,I135,2,4,6,liked
R058,I197,4,0,6,liked
R058,I007,8,3,6,unseen
R058,I148,4,2,6,neutral
R058,I168,7,3,6,unseen
R058,I067,8,1,6,unseen
R058,I166,5,4,6,neutral
R058,I072,6,1,6,unseen
R058,I061,7,1,6,unseen
R058,I006,0,3,6,liked
R058,I019,3,0,6,liked
R058,I177,3,1,6,neutral
R058,I146,7,0,6,unseen
R058,I025,5,3,6,neutral
R058,I151,6,4,6,unseen
R058,I116,4,1,6,liked
R058,I043,0,1,6,disliked
R058,I154,0,0,6,liked
R058,I187,8,4,6,unseen
R058,I057,9,2,6,unseen
R058,I088,6,3,6,unseen
R058,I196,6,2,6,unseen
R058,I004,8,0,6,unseen
R058,I130,7,2,6,unseen
R058,I015,2,1,6,neutral
R058,I016,8,2,6,unseen
R058,I154,,,6,chosen
R059,I096,3,0,10,liked
R059,I129,8,2,10,neutral
R059,I117,6,0,10,liked
R059,I136,8,1,10,disliked
R059,I170,7,4,10,disliked
R059,I104,6,2,10,liked
R059,I098,3,1,10,neutral
R059,I115,1,0,10,liked
R059,I138,2,1,10,neutral
R059,I097,8,3,10,neutral
R059,I172,0,0,10,neutral
R059,I019,7,3,10,neutral
R059,I133,9,2,10,liked
R059,I063,0,2,10,disliked
R059,I189,7,1,10,neutral
R059,I094,5,2,10,neutral
R059,I070,4,2,10,neutral
R059,I139,1,2,10,neutral
R059,I184,6,4,10,neutral
R059,I026,5,0,10,neutral
R059,I127,2,0,10,liked
R059,I003,5,4,10,disliked
R059,I142,1,1,10,disliked
R059,I102,5,3,10,disliked
R059,I015,4,4,10,disliked
R059,I060,9,0,10,liked
R059,I195,9,1,10,liked
R059,I153,9,3,10,neutral
R059,I048,2,2,10,liked
R059,I198,4,3,10,disliked
R059,I039,0,4,10,neutral
R059,I049,9,4,10,disliked
R059,I123,0,3,10,neutral
R059,I044,1,4,10,liked
R059,I176,0,1,10,liked
R059,I082,2,4,10,liked
R059,I045,7,2,10,neutral
R059,I050,6,1,10,liked
R059,I163,4,1,10,neutral
R059,I151,6,3,10,disliked
R059,I076,8,4,10,neutral
R059,I125,7,0,10,liked
R059,I069,3,3,10,liked
R059,I052,1,3,10,liked
R059,I145,8,0,10,neutral
R059,I181,3,4,10,disliked
R059,I183,5,1,10,liked
R059,I180,4,0,10,liked
R059,I160,3,2,10,liked
R059,I188,2,3,10,disliked
R059,I104,,,10,chosen
R060,I185,3,3,4,neutral
R060,I018,9,3,4,unseen
R060,I029,9,4,4,unseen
R060,I115,8,0,4,unseen
R060,I171,4,2,4,unseen
R060,I072,5,0,4,unseen
R060,I200,4,0,4,unseen
R060,I091,0,3,4,neutral
R060,I086,2,3,4,neutral
R060,I144,6,4,4,unseen
R060,I049,2,2,4,neutral
R060,I055,4,1,4,unseen
R060,I145,1,3,4,neutral
R060,I122,8,4,4,unseen
R060,I109,5,2,4,unseen
R060,I095,3,2,4,liked
R060,I105,7,1,4,unseen
R060,I075,5,3,4,unseen
R060,I108,6,0,4,unseen
R060,I071,0,2,4,disliked
R060,I068,2,1,4,neutral
R060,I032,8,2,4,unseen
R060,I059,7,2,4,unseen
R060,I183,1,0,4,neutral
R060,I193,3,4,4,neutral
R060,I154,1,4,4,disliked
R060,I114,6,2,4,unseen
R060,I106,6,3,4,unseen
R060,I063,9,0,4,unseen
R060,I155,5,1,4,unseen
R060,I107,1,1,4,neutral
R060,I076,0,4,4,disliked
R060,I184,5,4,4,unseen
R060,I025,0,1,4,disliked
R060,I035,2,0,4,liked
R060,I085,1,2,4,liked
R060,I160,8,3,4,unseen
R060,I026,7,0,4,unseen
R060,I157,3,1,4,neutral
R060,I178,6,1,4,unseen
R060,I028,3,0,4,neutral
R060,I012,2,4,4,neutral
R060,I057,9,1,4,unseen
R060,I127,4,3,4,unseen
R060,I151,7,4,4,unseen
R060,I023,9,2,4,unseen
R060,I074,0,0,4,liked
R060,I065,4,4,4,unseen
R060,I017,7,3,4,unseen
R060,I182,8,1,4,unseen
R060,I095,,,4,chosen
R061,I157,7,2,9,disliked
R061,I027,5,0,9,neutral
R061,I151,4,2,9,disliked
R061,I041,3,3,9,liked
R061,I156,8,0,9,neutral
R061,I010,8,4,9,neutral
R061,I153,6,1,9,liked
R061,I066,7,1,9,liked
R061,I006,4,3,9,disliked
R061,I165,3,4,9,liked
R061,I023,5,4,9,liked
R061,I076,7,0,9,liked
R061,I113,3,2,9,neutral
R061,I135,6,4,9,neutral
R061,I133,8,3,9,liked
R061,I136,5,2,9,neutral
R061,I106,9,0,9,unseen
R061,I089,3,0,9,neutral
R061,I142,9,1,9,unseen
R061,I083,2,0,9,disliked
R061,I050,9,4,9,unseen
R061,I091,4,0,9,neutral
R061,I124,5,1,9,liked
R061,I166,2,4,9,liked
R061,I180,2,2,9,liked
R061,I109,7,3,9,disliked
R061,I110,1,4,9,liked
R061,I012,1,3,9,neutral
R061,I162,4,1,9,disliked
R061,I111,0,3,9,neutral
R061,I019,7,4,9,liked
R061,I053,4,4,9,disliked
R061,I093,8,1,9,liked
R061,I140,6,0,9,liked
R061,I178,0,0,9,disliked
R061,I161,0,2,9,liked
R061,I004,9,3,9,unseen
R061,I095,6,3,9,disliked
R061,I008,9,2,9,unseen
R061,I058,0,1,9,neutral
R061,I129,6,2,9,liked
R061,I059,1,2,9,neutral
R061,I042,5,3,9,neutral
R061,I035,1,1,9,liked
R061,I199,3,1,9,disliked
R061,I108,2,1,9,liked
R061,I026,1,0,9,liked
R061,I087,0,4,9,liked
R061,I099,8,2,9,neutral
R061,I080,2,3,9,disliked
R061,I087,,,9,chosen
R062,I114,7,2,4,unseen
R062,I070,7,3,4,unseen
R062,I094,1,0,4,neutral
R062,I007,4,4,4,unseen
R062,I054,6,2,4,unseen
R062,I170,0,3,4,liked
R062,I100,9,1,4,unseen
R062,I154,4,3,4,unseen
R062,I196,8,4,4,unseen
R062,I052,1,4,4,liked
R062,I090,8,1,4,unseen
R062,I006,0,2,4,neutral
R062,I028,6,0,4,unseen
R062,I178,4,0,4,unseen
R062,I017,8,3,4,unseen
R062,I083,9,0,4,unseen
R062,I111,3,2,4,liked
R062,I146,9,4,4,unseen
R062,I123,5,1,4,unseen
R062,I104,5,2,4,unseen
R062,I191,3,1,4,neutral
R062,I010,8,2,4,unseen
R062,I141,2,1,4,liked
R062,I159,5,0,4,unseen
R062,I121,2,2,4,neutral
R062,I144,3,0,4,disliked
R062,I097,6,1,4,unseen
R062,I152,3,4,4,disliked
R062,I148,1,1,4,neutral
R062,I020,2,4,4,disliked
R062,I026,4,1,4,unseen
R062,I181,6,3,4,unseen
R062,I038,7,4,4,unseen
R062,I040,2,0,4,liked
R062,I143,2,3,4,liked
R062,I053,4,2,4,unseen
R062,I140,7,0,4,unseen
R062,I065,0,4,4,neutral
R062,I137,7,1,4,unseen
R062,I147,5,4,4,unseen
R062,I076,3,3,4,liked
R062,I173,5,3,4,unseen
R062,I163,0,0,4,liked
R062,I041,8,0,4,unseen
R062,I189,9,2,4,unseen
R062,I156,1,3,4,neutral
R062,I117,6,4,4,unseen
R062,I009,0,1,4,liked
R062,I129,1,2,4,disliked
R062,I031,9,3,4,unseen
R062,I141,,,4,chosen
R063,I058,5,0,4,unseen
R063,I007,4,0,4,unseen
R063,I104,4,1,4,unseen
R063,I011,3,0,4,neutral
R063,I034,1,2,4,neutral
R063,I144,5,3,4,unseen
R063,I017,7,1,4,unseen
R063,I071,2,2,4,neutral
R063,I062,9,0,4,unseen
R063,I051,0,4,4,liked
R063,I073,3,1,4,neutral
R063,I013,8,1,4,unseen
R063,I080,3,3,4,disliked
R063,I057,9,1,4,unseen
R063,I145,4,4,4,unseen
R063,I160,3,4,4,liked
R063,I171,2,4,4,liked
R063,I106,5,4,4,unseen
R063,I163,5,1,4,unseen
R063,I020,1,3,4,liked
R063,I136,1,0,4,neutral
R063,I172,4,3,4,unseen
R063,I174,1,1,4,liked
R063,I198,6,1,4,unseen
R063,I068,8,2,4,unseen
R063,I131,9,3,4,unseen
R063,I003,0,1,4,neutral
R063,I081,7,2,4,unseen
R063,I154,5,2,4,unseen
R063,I122,4,2,4,unseen
R063,I028,6,4,4,unseen
R063,I086,9,2,4,unseen
R063,I064,8,0,4,unseen
R063,I056,0,3,4,liked
R063,I042,1,4,4,liked
R063,I196,6,2,4,unseen
R063,I124,7,3,4,unseen
R063,I139,8,3,4,unseen
R063,I149,2,1,4,neutral
R063,I176,6,3,4,unseen
R063,I119,0,2,4,neutral
R063,I019,7,0,4,unseen
R063,I027,9,4,4,unseen
R063,I102,0,0,4,liked
R063,I132,7,4,4,unseen
R063,I182,2,3,4,liked
R063,I161,2,0,4,neutral
R063,I095,6,0,4,unseen
R063,I070,8,4,4,unseen
R063,I180,3,2,4,liked
R063,I020,,,4,chosen
R064,I155,5,3,4,unseen
R064,I036,4,4,4,unseen
R064,I098,6,3,4,unseen
R064,I028,9,1,4,unseen
R064,I065,3,4,4,neutral
R064,I004,6,2,4,unseen
R064,I179,1,2,4,disliked
R064,I161,7,1,4,unseen
R064,I115,2,3,4,liked
R064,I088,6,4,4,unseen
R064,I059,3,2,4,liked
R064,I064,8,4,4,unseen
R064,I132,8,1,4,unseen
R064,I147,0,0,4,neutral
R064,I070,5,1,4,unseen
R064,I094,4,0,4,unseen
R064,I079,4,3,4,unseen
R064,I023,1,1,4,liked
R064,I043,9,2,4,unseen
R064,I095,0,1,4,neutral
R064,I099,4,1,4,unseen
R064,I108,0,3,4,liked
R064,I136,8,3,4,unseen
R064,I140,2,1,4,disliked
R064,I014,8,2,4,unseen
R064,I148,7,0,4,unseen
R064,I102,5,2,4,unseen
R064,I122,0,4,4,neutral
R064,I071,1,0,4,disliked
R064,I139,3,3,4,disliked
R064,I016,7,4,4,unseen
R064,I104,2,0,4,liked
R064,I024,3,0,4,neutral
R064,I157,0,2,4,liked
R064,I173,2,2,4,neutral
R064,I063,4,2,4,unseen
R064,I159,5,4,4,unseen
R064,I008,8,0,4,unseen
R064,I117,9,3,4,unseen
R064,I027,2,4,4,disliked
R064,I175,9,0,4,unseen
R064,I188,9,4,4,unseen
R064,I181,7,2,4,unseen
R064,I031,7,3,4,unseen
R064,I103,1,4,4,neutral
R064,I141,1,3,4,liked
R064,I127,3,1,4,liked
R064,I097,5,0,4,unseen
R064,I076,6,1,4,unseen
R064,I184,6,0,4,unseen
R064,I104,,,4,chosen
R065,I026,9,1,7,unseen
R065,I010,7,4,7,unseen
R065,I029,3,0,7,neutral
R065,I192,8,3,7,unseen
R065,I028,6,3,7,neutral
R065,I131,6,1,7,disliked
R065,I190,5,4,7,disliked
R065,I127,1,1,7,liked
R065,I173,0,3,7,neutral
R065,I049,2,2,7,liked
R065,I146,5,1,7,liked
R065,I021,0,2,7,neutral
R065,I089,7,2,7,unseen
R065,I189,6,2,7,neutral
R065,I144,7,1,7,unseen
R065,I113,4,3,7,liked
R065,I006,8,2,7,unseen
R065,I183,3,4,7,liked
R065,I038,8,1,7,unseen
R065,I056,5,2,7,disliked
R065,I200,9,4,7,unseen
R065,I046,1,3,7,liked
R065,I022,9,0,7,unseen
R065,I034,0,1,7,neutral
R065,I115,5,0,7,disliked
R065,I039,6,0,7,disliked
R065,I013,1,0,7,disliked
R065,I196,4,1,7,liked
R065,I091,8,4,7,unseen
R065,I033,2,4,7,liked
R065,I149,3,3,7,neutral
R065,I037,3,2,7,neutral
R065,I041,3,1,7,liked
R065,I069,4,4,7,liked
R065,I035,0,0,7,neutral
R065,I031,7,0,7,unseen
R065,I047,2,3,7,liked
R065,I092,6,4,7,liked
R065,I122,1,2,7,liked
R065,I004,2,1,7,disliked
R065,I106,7,3,7,unseen
R065,I177,1,4,7,neutral
R065,I071,4,2,7,neutral
R065,I051,0,4,7,disliked
R065,I020,8,0,7,unseen
R065,I136,9,2,7,unseen
R065,I124,2,0,7,liked
R065,I187,4,0,7,disliked
R065,I085,9,3,7,unseen
R065,I145,5,3,7,neutral
R065,I146,,,7,chosen
R066,I054,8,4,5,unseen
R066,I141,4,0,5,neutral
R066,I144,4,4,5,liked
R066,I105,4,3,5,disliked
R066,I064,7,2,5,unseen
R066,I164,6,1,5,unseen
R066,I058,5,2,5,unseen
R066,I049,3,1,5,liked
R066,I167,2,0,5,neutral
R066,I182,5,3,5,unseen
R066,I017,6,2,5,unseen
R066,I055,5,4,5,unseen
R066,I009,7,4,5,unseen
R066,I080,8,3,5,unseen
R066,I198,9,1,5,unseen
R066,I006,1,0,5,neutral
R066,I022,7,1,5,unseen
R066,I068,2,4,5,liked
R066,I044,0,1,5,liked
R066,I016,3,3,5,liked
R066,I096,6,4,5,unseen
R066,I021,7,0,5,unseen
R066,I071,3,0,5,liked
R066,I015,1,3,5,disliked
R066,I169,9,2,5,unseen
R066,I079,5,1,5,unseen
R066,I061,2,2,5,disliked
R066,I029,6,3,5,unseen
R066,I018,4,1,5,liked
R066,I012,0,4,5,disliked
R066,I083,8,1,5,unseen
R066,I050,2,3,5,liked
R066,I095,3,4,5,liked
R066,I170,0,2,5,liked
R066,I069,1,4,5,liked
R066,I036,9,3,5,unseen
R066,I180,9,4,5,unseen
R066,I047,1,1,5,liked
R066,I148,9,0,5,unseen
R066,I131,8,0,5,unseen
R066,I191,0,0,5,neutral
R066,I030,6,0,5,unseen
R066,I099,4,2,5,neutral
R066,I172,5,0,5,unseen
R066,I194,7,3,5,unseen
R066,I048,2,1,5,liked
R066,I109,3,2,5,disliked
R066,I184,0,3,5,neutral
R066,I127,8,2,5,unseen
R066,I138,1,2,5,neutral
R066,I170,,,5,chosen
R067,I030,0,1,4,liked
R067,I146,4,1,4,unseen
R067,I135,5,2,4,unseen
R067,I191,3,2,4,disliked
R067,I165,7,1,4,unseen
R067,I176,2,3,4,neutral
R067,I115,8,2,4,unseen
R067,I163,5,3,4,unseen
R067,I186,1,3,4,liked
R067,I064,7,4,4,unseen
R067,I077,8,3,4,unseen
R067,I087,9,3,4,unseen
R067,I035,1,4,4,neutral
R067,I143,6,4,4,unseen
R067,I039,1,1,4,neutral
R067,I023,6,3,4,unseen
R067,I028,5,1,4,unseen
R067,I041,3,4,4,liked
R067,I101,9,4,4,unseen
R067,I011,2,0,4,liked
R067,I107,8,0,4,unseen
R067,I109,4,3,4,unseen
R067,I090,3,0,4,disliked
R067,I152,3,3,4,liked
R067,I006,5,4,4,unseen
R067,I048,4,2,4,unseen
R067,I102,3,1,4,liked
R067,I134,1,0,4,neutral
R067,I055,9,0,4,unseen
R067,I124,9,1,4,unseen
R067,I120,0,2,4,neutral
R067,I052,7,0,4,unseen
R067,I025,4,4,4,unseen
R067,I092,6,0,4,unseen
R067,I189,1,2,4,neutral
R067,I196,4,0,4,unseen
R067,I153,2,1,4,liked
R067,I029,0,0,4,disliked
R067,I013,7,2,4,unseen
R067,I003,0,3,4,neutral
R067,I175,0,4,4,liked
R067,I024,6,2,4,unseen
R067,I169,2,4,4,neutral
R067,I180,8,4,4,unseen
R067,I155,2,2,4,neutral
R067,I043,7,3,4,unseen
R067,I044,6,1,4,unseen
R067,I068,9,2,4,unseen
R067,I060,5,0,4,unseen
R067,I054,8,1,4,unseen
R067,I186,,,4,chosen
R068,I080,4,0,9,disliked
R068,I127,0,1,9,disliked
R068,I009,8,3,9,liked
R068,I002,9,0,9,unseen
R068,I198,1,3,9,disliked
R068,I143,9,3,9,unseen
R068,I168,8,1,9,liked
R068,I161,5,0,9,neutral
R068,I058,3,3,9,neutral
R068,I157,7,0,9,neutral
R068,I031,1,0,9,disliked
R068,I091,2,3,9,neutral
R068,I191,6,0,9,disliked
R068,I113,4,1,9,disliked
R068,I195,5,1,9,disliked
R068,I137,4,2,9,disliked
R068,I010,4,4,9,liked
R068,I078,7,3,9,liked
R068,I004,7,4,9,liked
R068,I197,1,2,9,disliked
R068,I019,6,4,9,liked
R068,I190,9,1,9,unseen
R068,I073,5,3,9,neutral
R068,I081,1,4,9,neutral
R068,I158,8,4,9,liked
R068,I076,6,3,9,neutral
R068,I050,9,2,9,unseen
R068,I102,7,2,9,disliked
R068,I023,4,3,9,liked
R068,I136,9,4,9,unseen
R068,I022,0,3,9,neutral
R068,I181,1,1,9,disliked
R068,I182,3,1,9,liked
R068,I128,8,0,9,disliked
R068,I154,5,2,9,neutral
R068,I049,5,4,9,liked
R068,I028,2,0,9,liked
R068,I165,0,0,9,disliked
R068,I070,7,1,9,disliked
R068,I135,3,4,9,disliked
R068,I017,6,2,9,neutral
R068,I052,3,0,9,liked
R068,I186,0,2,9,neutral
R068,I176,2,1,9,disliked
R068,I173,0,4,9,neutral
R068,I160,6,1,9,liked
R068,I044,8,2,9,disliked
R068,I032,2,4,9,neutral
R068,I105,3,2,9,liked
R068,I095,2,2,9,disliked
R068,I182,,,9,chosen
R069,I185,6,2,9,disliked
R069,I013,9,0,9,unseen
R069,I126,5,2,9,disliked
R069,I070,9,2,9,unseen
R069,I141,0,4,9,liked
R069,I161,2,2,9,liked
R069,I155,6,4,9,disliked
R069,I021,4,2,9,neutral
R069,I056,8,1,9,liked
R069,I026,0,0,9,liked
R069,I076,6,0,9,disliked
R069,I036,8,2,9,liked
R069,I142,8,3,9,liked
R069,I170,4,4,9,disliked
R069,I192,9,1,9,unseen
R069,I162,0,2,9,neutral
R069,I172,1,2,9,neutral
R069,I029,5,1,9,neutral
R069,I199,3,2,9,liked
R069,I073,4,0,9,disliked
R069,I121,7,2,9,neutral
R069,I176,8,4,9,liked
R069,I180,8,0,9,liked
R069,I088,3,3,9,liked
R069,I181,1,3,9,liked
R069,I006,2,0,9,disliked
R069,I037,1,0,9,neutral
R069,I095,7,3,9,neutral
R069,I025,9,4,9,unseen
R069,I040,4,3,9,liked
R069,I173,5,0,9,neutral
R069,I007,6,1,9,neutral
R069,I057,2,1,9,liked
R069,I005,2,3,9,neutral
R069,I171,0,1,9,neutral
R069,I149,5,3,9,neutral
R069,I055,5,4,9,liked
R069,I113,3,1,9,neutral
R069,I193,2,4,9,disliked
R069,I122,7,1,9,disliked
R069,I197,9,3,9,unseen
R069,I187,7,0,9,liked
R069,I177,1,1,9,liked
R069,I002,3,0,9,neutral
R069,I157,3,4,9,neutral
R069,I135,1,4,9,neutral
R069,I034,6,3,9,liked
R069,I090,7,4,9,liked
R069,I105,4,1,9,disliked
R069,I111,0,3,9,neutral
R069,I180,,,9,chosen
R070,I158,1,3,6,neutral
R070,I104,7,4,6,unseen
R070,I123,3,3,6,disliked
R070,I149,1,1,6,liked
R070,I004,3,2,6,disliked
R070,I051,2,0,6,disliked
R070,I184,0,3,6,neutral
R070,I186,5,4,6,disliked
R070,I155,5,3,6,liked
R070,I036,8,1,6,unseen
R070,I124,7,1,6,unseen
R070,I084,9,1,6,unseen
R070,I118,6,4,6,unseen
R070,I083,8,2,6,unseen
R070,I148,7,0,6,unseen
R070,I054,9,0,6,unseen
R070,I200,3,4,6,disliked
R070,I190,6,1,6,unseen
R070,I068,5,0,6,disliked
R070,I074,0,0,6,neutral
R070,I167,3,0,6,disliked
R070,I185,4,3,6,disliked
R070,I070,9,2,6,unseen
R070,I089,1,4,6,neutral
R070,I177,5,2,6,liked
R070,I073,2,4,6,neutral
R070,I082,2,2,6,liked
R070,I174,3,1,6,neutral
R070,I078,8,4,6,unseen
R070,I011,9,3,6,unseen
R070,I156,2,3,6,disliked
R070,I055,8,3,6,unseen
R070,I119,4,1,6,neutral
R070,I197,7,2,6,unseen
R070,I108,1,0,6,liked
R070,I049,6,0,6,unseen
R070,I121,4,0,6,disliked
R070,I164,5,1,6,liked
R070,I007,2,1,6,liked
R070,I079,9,4,6,unseen
R070,I195,0,4,6,neutral
R070,I066,8,0,6,unseen
R070,I062,4,2,6,disliked
R070,I183,7,3,6,unseen
R070,I026,6,3,6,unseen
R070,I060,0,1,6,neutral
R070,I033,6,2,6,unseen
R070,I198,0,2,6,neutral
R070,I052,1,2,6,liked
R070,I045,4,4,6,liked
R070,I155,,,6,chosen
R071,I176,6,4,6,unseen
R071,I166,8,2,6,unseen
R071,I102,7,3,6,unseen
R071,I007,3,0,6,disliked
R071,I154,1,3,6,liked
R071,I080,0,3,6,disliked
R071,I085,4,4,6,disliked
R071,I161,7,0,6,unseen
R071,I053,0,2,6,liked
R071,I180,3,4,6,disliked
R071,I041,9,2,6,unseen
R071,I124,2,0,6,neutral
R071,I074,2,3,6,disliked
R071,I067,3,1,6,liked
R071,I138,7,4,6,unseen
R071,I078,9,3,6,unseen
R071,I027,4,3,6,liked
R071,I011,7,2,6,unseen
R071,I022,8,3,6,unseen
R071,I178,9,4,6,unseen
R071,I148,0,0,6,disliked
R071,I194,5,3,6,neutral
R071,I003,0,1,6,neutral
R071,I010,5,4,6,neutral
R071,I173,1,1,6,neutral
R071,I172,6,1,6,unseen
R071,I026,5,2,6,neutral
R071,I079,0,4,6,liked
R071,I048,8,4,6,unseen
R071,I015,8,0,6,unseen
R071,I169,5,1,6,liked
R071,I070,9,0,6,unseen
R071,I084,6,3,6,unseen
R071,I106,4,0,6,neutral
R071,I149,2,1,6,disliked
R071,I108,3,2,6,disliked
R071,I016,1,2,6,disliked
R071,I008,1,4,6,liked
R071,I096,8,1,6,unseen
R071,I058,9,1,6,unseen
R071,I181,6,0,6,unseen
R071,I158,5,0,6,liked
R071,I185,2,2,6,disliked
R071,I122,2,4,6,neutral
R071,I062,4,2,6,liked
R071,I063,7,1,6,unseen
R071,I089,1,0,6,disliked
R071,I157,6,2,6,unseen
R071,I151,3,3,6,neutral
R071,I187,4,1,6,disliked
R071,I158,,,6,chosen
R072,I083,5,1,6,disliked
R072,I109,0,4,6,liked
R072,I150,7,3,6,unseen
R072,I001,1,2,6,neutral
R072,I151,5,0,6,neutral
R072,I122,9,1,6,unseen
R072,I116,8,0,6,unseen
R072,I147,7,2,6,unseen
R072,I184,6,3,6,unseen
R072,I003,8,2,6,unseen
R072,I007,7,4,6,unseen
R072,I077,3,1,6,neutral
R072,I117,8,3,6,unseen
R072,I114,1,1,6,liked
R072,I028,1,3,6,liked
R072,I046,4,3,6,liked
R072,I045,6,1,6,unseen
R072,I159,0,3,6,disliked
R072,I127,4,2,6,liked
R072,I138,2,1,6,liked
R072,I200,3,0,6,neutral
R072,I179,5,3,6,liked
R072,I100,7,1,6,unseen
R072,I143,6,4,6,unseen
R072,I057,0,2,6,neutral
R072,I101,4,4,6,neutral
R072,I086,1,4,6,neutral
R072,I060,5,4,6,liked
R072,I113,6,0,6,unseen
R072,I084,6,2,6,unseen
R072,I039,5,2,6,liked
R072,I006,3,2,6,liked
R072,I090,9,3,6,unseen
R072,I023,3,4,6,disliked
R072,I002,8,1,6,unseen
R072,I092,2,4,6,disliked
R072,I107,2,0,6,liked
R072,I137,2,2,6,neutral
R072,I186,9,0,6,unseen
R072,I061,4,1,6,disliked
R072,I063,7,0,6,unseen
R072,I104,0,1,6,disliked
R072,I008,1,0,6,liked
R072,I172,2,3,6,liked
R072,I078,0,0,6,neutral
R072,I016,8,4,6,unseen
R072,I011,4,0,6,liked
R072,I148,9,2,6,unseen
R072,I071,9,4,6,unseen
R072,I178,3,3,6,disliked
R072,I011,,,6,chosen
R073,I109,5,4,5,unseen
R073,I035,7,2,5,unseen
R073,I118,5,3,5,unseen
R073,I112,2,0,5,neutral
R073,I199,3,0,5,neutral
R073,I006,8,1,5,unseen
R073,I004,2,4,5,liked
R073,I047,5,0,5,unseen
R073,I186,6,1,5,unseen
R073,I018,0,1,5,liked
R073,I156,7,0,5,unseen
R073,I159,3,3,5,neutral
R073,I076,0,0,5,neutral
R073,I110,3,1,5,liked
R073,I157,1,3,5,liked
R073,I181,7,4,5,unseen
R073,I128,5,2,5,unseen
R073,I062,1,1,5,disliked
R073,I182,6,4,5,unseen
R073,I068,4,1,5,neutral
R073,I185,9,1,5,unseen
R073,I038,6,3,5,unseen
R073,I072,8,3,5,unseen
R073,I091,5,1,5,unseen
R073,I187,6,0,5,unseen
R073,I188,4,0,5,liked
R073,I016,8,2,5,unseen
R073,I095,4,3,5,liked
R073,I060,2,3,5,neutral
R073,I094,2,2,5,neutral
R073,I138,3,4,5,disliked
R073,I037,3,2,5,liked
R073,I117,9,4,5,unseen
R073,I103,7,1,5,unseen
R073,I152,6,2,5,unseen
R073,I135,0,2,5,neutral
R073,I065,1,2,5,neutral
R073,I170,1,0,5,liked
R073,I017,0,3,5,disliked
R073,I149,9,2,5,unseen
R073,I167,9,0,5,unseen
R073,I089,4,2,5,liked
R073,I098,2,1,5,neutral
R073,I024,1,4,5,liked
R073,I074,8,4,5,unseen
R073,I154,9,3,5,unseen
R073,I083,8,0,5,unseen
R073,I053,0,4,5,neutral
R073,I133,7,3,5,unseen
R073,I032,4,4,5,liked
R073,I024,,,5,chosen
R074,I026,0,2,9,liked
R074,I195,1,1,9,liked
R074,I061,7,0,9,disliked
R074,I111,2,3,9,neutral
R074,I057,3,2,9,liked
R074,I192,1,0,9,liked
R074,I198,8,1,9,disliked
R074,I183,3,4,9,liked
R074,I182,0,4,9,liked
R074,I079,6,4,9,neutral
R074,I174,3,0,9,disliked
R074,I032,0,1,9,neutral
R074,I125,5,3,9,neutral
R074,I123,1,4,9,neutral
R074,I180,5,2,9,liked
R074,I129,6,2,9,neutral
R074,I200,8,3,9,neutral
R074,I086,5,0,9,neutral
R074,I165,1,3,9,disliked
R074,I052,5,4,9,liked
R074,I124,4,2,9,neutral
R074,I145,2,4,9,neutral
R074,I130,7,1,9,neutral
R074,I014,4,1,9,liked
R074,I187,4,4,9,liked
R074,I194,9,0,9,unseen
R074,I010,1,2,9,disliked
R074,I181,9,4,9,unseen
R074,I148,7,4,9,neutral
R074,I006,2,1,9,disliked
R074,I036,6,1,9,liked
R074,I060,8,0,9,liked
R074,I056,4,3,9,liked
R074,I156,5,1,9,neutral
R074,I072,9,3,9,unseen
R074,I041,9,2,9,unseen
R074,I077,8,2,9,liked
R074,I116,0,0,9,neutral
R074,I135,3,3,9,disliked
R074,I106,2,0,9,neutral
R074,I021,7,2,9,neutral
R074,I083,9,1,9,unseen
R074,I155,6,0,9,neutral
R074,I068,6,3,9,neutral
R074,I059,8,4,9,neutral
R074,I055,3,1,9,liked
R074,I149,0,3,9,neutral
R074,I105,4,0,9,liked
R074,I040,2,2,9,disliked
R074,I100,7,3,9,liked
R074,I187,,,9,chosen
R075,I160,6,1,7,liked
R075,I076,4,4,7,disliked
R075,I188,8,1,7,unseen
R075,I066,8,2,7,unseen
R075,I189,1,1,7,neutral
R075,I113,5,4,7,neutral
R075,I082,8,0,7,unseen
R075,I004,9,3,7,unseen
R075,I136,9,1,7,unseen
R075,I144,1,0,7,disliked
R075,I114,7,4,7,unseen
R075,I121,9,4,7,unseen
R075,I059,4,3,7,neutral
R075,I180,6,0,7,liked
R075,I154,5,0,7,liked
R075,I056,4,1,7,neutral
R075,I134,1,3,7,disliked
R075,I167,6,2,7,disliked
R075,I052,0,2,7,liked
R075,I071,4,0,7,liked
R075,I068,3,0,7,neutral
R075,I123,7,1,7,unseen
R075,I063,3,3,7,liked
R075,I146,3,2,7,disliked
R075,I029,0,0,7,liked
R075,I093,7,3,7,unseen
R075,I049,1,4,7,liked
R075,I077,2,3,7,neutral
R075,I125,2,0,7,disliked
R075,I080,6,4,7,liked
R075,I171,6,3,7,neutral
R075,I045,5,1,7,neutral
R075,I057,2,1,7,neutral
R075,I199,7,0,7,unseen
R075,I088,5,3,7,disliked
R075,I027,8,3,7,unseen
R075,I058,5,2,7,neutral
R075,I081,8,4,7,unseen
R075,I117,0,3,7,neutral
R075,I165,3,4,7,liked
R075,I012,1,2,7,liked
R075,I084,4,2,7,disliked
R075,I158,2,2,7,neutral
R075,I011,9,0,7,unseen
R075,I062,9,2,7,unseen
R075,I015,2,4,7,liked
R075,I166,7,2,7,unseen
R075,I185,3,1,7,disliked
R075,I031,0,1,7,neutral
R075,I030,0,4,7,liked
R075,I165,,,7,chosen
R076,I077,7,3,9,liked
R076,I082,9,3,9,unseen
R076,I036,8,2,9,disliked
R076,I108,2,0,9,neutral
R076,I023,0,4,9,disliked
R076,I127,3,0,9,liked
R076,I080,0,1,9,disliked
R076,I033,1,3,9,disliked
R076,I180,6,3,9,disliked
R076,I183,1,4,9,liked
R076,I089,1,1,9,liked
R076,I043,4,2,9,neutral
R076,I192,9,2,9,unseen
R076,I098,5,3,9,disliked
R076,I058,2,4,9,liked
R076,I053,4,4,9,neutral
R076,I061,4,1,9,liked
R076,I112,0,3,9,neutral
R076,I039,7,0,9,neutral
R076,I031,5,1,9,disliked
R076,I120,4,3,9,neutral
R076,I050,3,2,9,liked
R076,I084,6,1,9,neutral
R076,I074,9,4,9,unseen
R076,I101,6,2,9,disliked
R076,I029,5,4,9,disliked
R076,I063,9,0,9,unseen
R076,I181,3,1,9,disliked
R076,I069,9,1,9,unseen
R076,I007,6,0,9,neutral
R076,I083,8,1,9,liked
R076,I060,2,2,9,liked
R076,I047,2,1,9,neutral
R076,I126,5,2,9,neutral
R076,I165,8,3,9,liked
R076,I134,0,0,9,liked
R076,I102,7,1,9,disliked
R076,I094,7,2,9,disliked
R076,I125,1,2,9,liked
R076,I092,8,4,9,liked
R076,I170,4,0,9,neutral
R076,I178,2,3,9,disliked
R076,I153,5,0,9,liked
R076,I035,3,4,9,neutral
R076,I151,1,0,9,neutral
R076,I135,6,4,9,neutral
R076,I037,8,0,9,liked
R076,I114,3,3,9,neutral
R076,I115,7,4,9,disliked
R076,I010,0,2,9,liked
R076,I050,,,9,chosen
R077,I121,3,3,9,disliked
R077,I012,5,3,9,neutral
R077,I043,9,0,9,unseen
R077,I061,8,4,9,liked
R077,I171,6,0,9,disliked
R077,I070,6,2,9,disliked
R077,I156,5,2,9,neutral
R077,I194,9,4,9,unseen
R077,I005,5,0,9,neutral
R077,I160,2,0,9,neutral
R077,I189,1,4,9,liked
R077,I035,5,1,9,liked
R077,I152,3,0,9,neutral
R077,I078,2,2,9,liked
R077,I030,1,2,9,neutral
R077,I106,9,1,9,unseen
R077,I083,7,0,9,liked
R077,I193,6,1,9,liked
R077,I126,8,1,9,disliked
R077,I094,3,2,9,disliked
R077,I180,0,1,9,liked
R077,I137,8,0,9,liked
R077,I062,2,3,9,disliked
R077,I113,9,2,9,unseen
R077,I011,5,4,9,liked
R077,I186,6,4,9,liked
R077,I037,9,3,9,unseen
R077,I136,2,4,9,disliked
R077,I067,4,4,9,liked
R077,I069,7,1,9,neutral
R077,I016,0,2,9,liked
R077,I162,4,1,9,disliked
R077,I075,8,2,9,neutral
R077,I196,1,3,9,neutral
R077,I010,3,1,9,neutral
R077,I015,0,3,9,disliked
R077,I071,0,0,9,liked
R077,I077,3,4,9,liked
R077,I023,8,3,9,liked
R077,I093,1,0,9,disliked
R077,I184,2,1,9,liked
R077,I153,7,2,9,neutral
R077,I182,7,4,9,liked
R077,I122,7,3,9,liked
R077,I039,4,3,9,neutral
R077,I112,0,4,9,disliked
R077,I124,4,2,9,liked
R077,I056,6,3,9,liked
R077,I001,4,0,9,liked
R077,I151,1,1,9,liked
R077,I180,,,9,chosen
R078,I020,5,3,5,unseen
R078,I192,7,2,5,unseen
R078,I133,2,3,5,liked
R078,I166,0,1,5,neutral
R078,I176,7,3,5,unseen
R078,I031,3,1,5,neutral
R078,I027,8,1,5,unseen
R078,I121,4,3,5,neutral
R078,I078,6,0,5,unseen
R078,I009,2,2,5,neutral
R078,I057,4,4,5,disliked
R078,I099,9,1,5,unseen
R078,I191,4,1,5,disliked
R078,I070,3,4,5,liked
R078,I006,8,4,5,unseen
R078,I056,3,3,5,disliked
R078,I148,1,0,5,liked
R078,I131,2,1,5,liked
R078,I004,5,4,5,unseen
R078,I003,1,2,5,neutral
R078,I075,1,1,5,disliked
R078,I021,2,0,5,neutral
R078,I094,0,0,5,liked
R078,I186,9,3,5,unseen
R078,I041,7,1,5,unseen
R078,I178,5,1,5,unseen
R078,I007,8,3,5,unseen
R078,I127,5,0,5,unseen
R078,I156,7,0,5,unseen
R078,I079,1,4,5,liked
R078,I154,3,2,5,liked
R078,I153,6,4,5,unseen
R078,I074,4,2,5,liked
R078,I152,8,2,5,unseen
R078,I173,6,2,5,unseen
R078,I149,3,0,5,neutral
R078,I088,2,4,5,neutral
R078,I089,9,4,5,unseen
R078,I128,6,3,5,unseen
R078,I167,7,4,5,unseen
R078,I109,0,2,5,liked
R078,I123,5,2,5,unseen
R078,I065,1,3,5,liked
R078,I026,9,2,5,unseen
R078,I045,6,1,5,unseen
R078,I119,4,0,5,neutral
R078,I134,0,4,5,neutral
R078,I111,8,0,5,unseen
R078,I196,0,3,5,liked
R078,I107,9,0,5,unseen
R078,I094,,,5,chosen
R079,I041,3,2,7,neutral
R079,I004,1,2,7,disliked
R079,I126,0,2,7,liked
R079,I154,2,0,7,disliked
R079,I118,3,3,7,neutral
R079,I121,3,1,7,neutral
R079,I112,5,0,7,disliked
R079,I072,2,1,7,neutral
R079,I197,7,4,7,unseen
R079,I047,7,3,7,unseen
R079,I103,7,2,7,unseen
R079,I179,4,4,7,liked
R079,I166,1,0,7,liked
R079,I091,9,1,7,unseen
R079,I008,7,1,7,unseen
R079,I065,6,4,7,neutral
R079,I136,8,3,7,unseen
R079,I088,2,3,7,neutral
R079,I097,0,3,7,liked
R079,I177,8,0,7,unseen
R079,I025,8,2,7,unseen
R079,I130,0,0,7,neutral
R079,I059,1,3,7,disliked
R079,I178,9,3,7,unseen
R079,I064,6,1,7,neutral
R079,I158,1,4,7,neutral
R079,I028,9,0,7,unseen
R079,I063,4,2,7,liked
R079,I044,6,3,7,disliked
R079,I189,4,1,7,liked
R079,I196,4,0,7,liked
R079,I151,8,1,7,unseen
R079,I182,9,2,7,unseen
R079,I080,2,2,7,neutral
R079,I027,1,1,7,neutral
R079,I089,0,1,7,neutral
R079,I094,3,4,7,neutral
R079,I132,5,4,7,disliked
R079,I188,2,4,7,liked
R079,I054,6,0,7,disliked
R079,I099,8,4,7,unseen
R079,I171,0,4,7,disliked
R079,I007,9,4,7,unseen
R079,I035,7,0,7,unseen
R079,I062,6,2,7,neutral
R079,I128,4,3,7,neutral
R079,I071,5,3,7,liked
R079,I068,5,2,7,disliked
R079,I038,3,0,7,disliked
R079,I019,5,1,7,neutral
R079,I179,,,7,chosen
R080,I061,0,1,5,disliked
R080,I191,8,1,5,unseen
R080,I001,6,4,5,unseen
R080,I012,2,1,5,liked
R080,I107,0,0,5,liked
R080,I008,4,1,5,neutral
R080,I036,5,4,5,unseen
R080,I072,0,3,5,neutral
R080,I014,9,2,5,unseen
R080,I050,7,0,5,unseen
R080,I100,3,4,5,neutral
R080,I166,6,2,5,unseen
R080,I073,6,1,5,unseen
R080,I196,3,3,5,liked
R080,I039,3,1,5,neutral
R080,I040,6,3,5,unseen
R080,I095,2,2,5,liked
R080,I151,9,0,5,unseen
R080,I028,8,3,5,unseen
R080,I143,9,4,5,unseen
R080,I167,9,3,5,unseen
R080,I121,5,1,5,unseen
R080,I080,1,4,5,liked
R080,I057,1,0,5,liked
R080,I091,9,1,5,unseen
R080,I037,7,3,5,unseen
R080,I030,8,2,5,unseen
R080,I062,8,4,5,unseen
R080,I054,6,0,5,unseen
R080,I168,5,2,5,unseen
R080,I017,3,2,5,neutral
R080,I060,3,0,5,neutral
R080,I027,0,4,5,liked
R080,I173,7,4,5,unseen
R080,I146,2,4,5,liked
R080,I110,7,1,5,unseen
R080,I069,2,0,5,liked
R080,I031,0,2,5,neutral
R080,I186,1,2,5,liked
R080,I046,4,2,5,liked
R080,I004,5,0,5,unseen
R080,I051,1,1,5,liked
R080,I081,4,4,5,liked
R080,I180,2,3,5,liked
R080,I044,8,0,5,unseen
R080,I064,5,3,5,unseen
R080,I162,1,3,5,disliked
R080,I126,4,0,5,liked
R080,I011,7,2,5,unseen
R080,I197,4,3,5,liked
R080,I180,,,5,chosen
